<?xml version="1.0" encoding="utf-8"?>
<clockskin>
	<drawable>
		<name>fullguard_test.png</name>
	</drawable>
	<drawable>
		<name>days.xml</name>
		<arraytype>5</arraytype>
		<centerX>-14</centerX>
		<centerY>-146</centerY>
	</drawable>
	<drawable>
		<name>dates_1_1.xml</name>
		<arraytype>4</arraytype>
		<centerX>30</centerX>
		<centerY>-149</centerY>
	</drawable>
	<drawable>
		<name>dates_1.xml</name>
		<arraytype>16</arraytype>
		<centerX>129</centerX>
		<centerY>-85</centerY>
	</drawable>
	<drawable>
		<name>monat.xml</name>
		<arraytype>3</arraytype>
		<centerX>121</centerX>
		<centerY>-110</centerY>
	</drawable>
	<drawable>
		<name>hourminute.xml</name>
		<arraytype>6</arraytype>
		<centerX>-10</centerX>
		<centerY>-101</centerY>
	</drawable>
	<drawable>
		<name>dates_2.xml</name>
		<arraytype>12</arraytype>
		<centerX>-64</centerX>
		<centerY>106</centerY>
	</drawable>
	<drawable>
		<name>dates.xml</name>
		<arraytype>12</arraytype>
		<centerX>67</centerX>
		<centerY>86</centerY>
	</drawable>
	<drawable>
		<name>battery.xml</name>
		<arraytype>14</arraytype>
		<centerX>77</centerX>
	</drawable>
	<drawable>
		<name>akkustand_1.xml</name>
		<arraytype>14</arraytype>
		<centerX>147</centerX>
		<centerY>57</centerY>
	</drawable>
	<drawable>
		<name>akkustand.xml</name>
		<arraytype>14</arraytype>
		<centerX>271</centerX>
		<centerY>57</centerY>
	</drawable>
	<drawable>
		<name>blenden.png</name>
	</drawable>
	<drawable>
		<name>Temp.xml</name>
		<arraytype>11</arraytype>
		<centerX>-107</centerX>
	</drawable>
<!--COMMENTED BY ClockSkinMaker
<metadata gui='rra' version='1.6.0.0'/>
-->
</clockskin>