<?xml version="1.0" encoding="utf-8"?>
<drawables>
	<image>dates_num_0.png</image>
	<image>dates_num_1.png</image>
	<image>dates_num_2.png</image>
	<image>dates_num_3.png</image>
	<image>dates_num_4.png</image>
	<image>dates_num_5.png</image>
	<image>dates_num_6.png</image>
	<image>dates_num_7.png</image>
	<image>dates_num_8.png</image>
	<image>dates_num_9.png</image>
	<image>dates_num_minus.png</image>
<!--COMMENTED BY ClockSkinMaker
<metadata gui='rra' version='1.6.0.0' type='array_day' forecolor='3F8196' autoscale='1' font='Eurostile' fontstyle='Bold' fontsize='16,64289'>
<content>0</content>
<content>1</content>
<content>2</content>
<content>3</content>
<content>4</content>
<content>5</content>
<content>6</content>
<content>7</content>
<content>8</content>
<content>9</content>
<content>.</content>
</metadata>
-->
</drawables>