<clockskin>
    <drawable>
        <name>image1.png</name>
    </drawable>
    <drawable>
        <name>digital1.xml</name>
        <arraytype>9</arraytype>
        <centerX>-275</centerX>
        <centerY>86</centerY>
    </drawable>
    <drawable>
        <name>digital2.xml</name>
        <arraytype>9</arraytype>
        <centerX>125</centerX>
        <centerY>86</centerY>
    </drawable>
    <drawable>
        <name>digital3.xml</name>
        <arraytype>7</arraytype>
        <centerX>-276</centerX>
        <centerY>-86</centerY>
    </drawable>
    <drawable>
        <name>digital4.xml</name>
        <arraytype>7</arraytype>
        <centerX>124</centerX>
        <centerY>-86</centerY>
    </drawable>
    <drawable>
        <name>digital5.xml</name>
        <arraytype>8</arraytype>
        <centerX>-124</centerX>
        <centerY>-85</centerY>
    </drawable>
    <drawable>
        <name>digital6.xml</name>
        <arraytype>8</arraytype>
        <centerX>276</centerX>
        <centerY>-85</centerY>
    </drawable>
    <drawable>
        <name>digital7.xml</name>
        <arraytype>14</arraytype>
        <centerX>-325</centerX>
        <centerY>86</centerY>
    </drawable>
    <drawable>
        <name>digital8.xml</name>
        <arraytype>14</arraytype>
        <centerX>75</centerX>
        <centerY>86</centerY>
    </drawable>
    <drawable>
        <name>digital9.xml</name>
        <arraytype>14</arraytype>
        <centerX>475</centerX>
        <centerY>86</centerY>
    </drawable>
    <drawable>
        <name>image2.png</name>
    </drawable>
    <drawable>
        <name>digital10.xml</name>
        <arraytype>7</arraytype>
        <centerX>-73</centerX>
        <centerY>-88</centerY>
    </drawable>
    <drawable>
        <name>digital11.xml</name>
        <arraytype>9</arraytype>
        <centerX>-73</centerX>
        <centerY>85</centerY>
    </drawable>
    <drawable>
        <name>image3.png</name>
    </drawable>
    <drawable>
        <name>digital12.xml</name>
        <arraytype>14</arraytype>
        <centerX>81</centerX>
        <centerY>64</centerY>
    </drawable>
    <drawable>
        <name>digital13.xml</name>
        <arraytype>2</arraytype>
        <centerX>75</centerX>
        <centerY>105</centerY>
    </drawable>
    <drawable>
        <name>digital14.xml</name>
        <arraytype>8</arraytype>
        <centerX>78</centerX>
        <centerY>-88</centerY>
    </drawable>
    <drawable>
        <name>image4.png</name>
    </drawable>
</clockskin>
