<?xml version="1.0" encoding="utf-8"?>
<clockskin>
<!--MADE BY DARIUSZ BIEGUN
     04.11.2017
-->
	<drawable>
		<name>clock_bat.png</name>
	</drawable>
	<drawable>
		<name>way.png</name>
		<centerX>-120</centerX>
		<centerY>-11</centerY>
	</drawable>
	<drawable>
		<name>second.png</name>
		<rotate>3</rotate>
		<mulrotate>-2</mulrotate>
	</drawable>
	<drawable>
		<name>passos.xml</name>
		<arraytype>12</arraytype>
		<centerX>-120</centerX>
		<centerY>28</centerY>
	</drawable>
	<drawable>
		<name>hour.xml</name>
		<arraytype>7</arraytype>
		<centerX>9</centerX>
		<centerY>-70</centerY>
	</drawable>
	<drawable>
		<name>minute.xml</name>
		<arraytype>8</arraytype>
		<centerX>9</centerX>
		<centerY>60</centerY>
	</drawable>
	<drawable>
		<name>tydzien.xml</name>
		<arraytype>5</arraytype>
		<centerX>122</centerX>
		<centerY>22</centerY>
	</drawable>
	<drawable>
		<arraytype>99</arraytype>
		<centerX>-6</centerX>
		<centerY>143</centerY>
	</drawable>
	<drawable>
		<name>rok.xml</name>
		<arraytype>16</arraytype>
		<centerX>155</centerX>
		<centerY>-18</centerY>
	</drawable>
	<drawable>
		<name>mies.xml</name>
		<arraytype>3</arraytype>
		<centerX>116</centerX>
		<centerY>-18</centerY>
	</drawable>
	<drawable>
		<name>dzien.xml</name>
		<arraytype>4</arraytype>
		<centerX>87</centerX>
		<centerY>-18</centerY>
	</drawable>
	<drawable>
		<name>cien_bat.png</name>
		<rotate>6</rotate>
		<mulrotate>-1</mulrotate>
	</drawable>
<!--COMMENTED BY ClockSkinMaker
<metadata gui='rra' version='1.6.0.0'/>
-->
</clockskin>