<?xml version="1.0" encoding="utf-8"?>
<drawables>
     <image>digital16_0.png</image>
     <image>digital16_0.png</image>
     <image>digital16_0.png</image>
     <image>digital16_0.png</image>
     <image>digital16_0.png</image>
     <image>digital16_0.png</image>
     <image>digital16_0.png</image>
     <image>digital16_0.png</image>
     <image>digital16_0.png</image>
     <image>digital16_0.png</image>
     <image>digital16_0.png</image>
     <image>digital17_11.png</image>
     <image>digital17_12.png</image>
</drawables>
