<clockskin>
    <drawable>
        <name>image1.png</name>
    </drawable>
    <drawable>
        <rotate>2</rotate>
        <mulrotate>2</mulrotate>
        <centerX>0</centerX>
        <centerY>400</centerY>
        <name>image2.png</name>
    </drawable>
    <drawable>
        <rotate>2</rotate>
        <direction>2</direction>
        <mulrotate>40</mulrotate>
        <centerX>0</centerX>
        <centerY>637</centerY>
        <name>image3.png</name>
    </drawable>
    <drawable>
        <rotate>2</rotate>
        <mulrotate>60</mulrotate>
        <centerX>0</centerX>
        <centerY>562</centerY>
        <name>image4.png</name>
    </drawable>
    <drawable>
        <rotate>2</rotate>
        <mulrotate>80</mulrotate>
        <centerX>0</centerX>
        <centerY>484</centerY>
        <name>image5.png</name>
    </drawable>
    <drawable>
        <rotate>2</rotate>
        <mulrotate>100</mulrotate>
        <centerX>0</centerX>
        <centerY>406</centerY>
        <name>image6.png</name>
    </drawable>
    <drawable>
        <rotate>2</rotate>
        <mulrotate>140</mulrotate>
        <centerX>0</centerX>
        <centerY>325</centerY>
        <name>image7.png</name>
    </drawable>
    <drawable>
        <name>image8.png</name>
    </drawable>
    <drawable>
        <rotate>2</rotate>
        <mulrotate>40</mulrotate>
        <centerX>0</centerX>
        <centerY>-607</centerY>
        <name>image9.png</name>
    </drawable>
    <drawable>
        <rotate>2</rotate>
        <mulrotate>60</mulrotate>
        <centerX>0</centerX>
        <centerY>-550</centerY>
        <name>image10.png</name>
    </drawable>
    <drawable>
        <rotate>2</rotate>
        <mulrotate>80</mulrotate>
        <centerX>0</centerX>
        <centerY>-470</centerY>
        <name>image11.png</name>
    </drawable>
    <drawable>
        <rotate>2</rotate>
        <mulrotate>100</mulrotate>
        <centerX>0</centerX>
        <centerY>-386</centerY>
        <name>image12.png</name>
    </drawable>
    <drawable>
        <rotate>2</rotate>
        <mulrotate>140</mulrotate>
        <centerX>0</centerX>
        <centerY>-297</centerY>
        <name>image13.png</name>
    </drawable>
    <drawable>
        <name>digital1.xml</name>
        <arraytype>6</arraytype>
    </drawable>
</clockskin>
