<?xml version="1.0" encoding="utf-8"?>
<drawables>
     <image>digital6_0.png</image>
     <image>digital6_1.png</image>
     <image>digital6_1.png</image>
     <image>digital6_3.png</image>
     <image>digital6_4.png</image>
     <image>digital6_5.png</image>
     <image>digital6_6.png</image>
     <image>digital6_7.png</image>
     <image>digital6_8.png</image>
     <image>digital6_7.png</image>
     <image>digital6_0.png</image>
     <image>digital6_11.png</image>
     <image>digital6_12.png</image>
     <image>digital6_13.png</image>
     <image>digital6_14.png</image>
</drawables>
