<clockskin>
    <drawable>
        <name>image1.png</name>
    </drawable>
    <drawable>
        <name>image2.png</name>
        <rotate>5</rotate>
        <direction>2</direction>
        <mulrotate>1</mulrotate>
        <centerX>136</centerX>
        <centerY>60</centerY>
    </drawable>
    <drawable>
        <name>image3.png</name>
        <rotate>7</rotate>
        <direction>2</direction>
        <mulrotate>1</mulrotate>
        <centerX>4</centerX>
        <centerY>60</centerY>
    </drawable>
    <drawable>
        <name>image4.png</name>
        <rotate>6</rotate>
        <direction>2</direction>
        <mulrotate>2</mulrotate>
        <centerX>-124</centerX>
        <centerY>60</centerY>
    </drawable>
    <drawable>
        <name>image5.png</name>
    </drawable>
    <drawable>
        <name>digital1.xml</name>
        <arraytype>12</arraytype>
        <centerX>-904</centerX>
        <centerY>-83</centerY>
    </drawable>
    <drawable>
        <name>digital1.xml</name>
        <arraytype>12</arraytype>
        <centerX>-522</centerX>
        <centerY>-78</centerY>
    </drawable>
    <drawable>
        <name>digital1.xml</name>
        <arraytype>12</arraytype>
        <centerX>-140</centerX>
        <centerY>-73</centerY>
    </drawable>
    <drawable>
        <name>digital1.xml</name>
        <arraytype>12</arraytype>
        <centerX>241</centerX>
        <centerY>-68</centerY>
    </drawable>
    <drawable>
        <name>digital1.xml</name>
        <arraytype>12</arraytype>
        <centerX>623</centerX>
        <centerY>-63</centerY>
    </drawable>
    <drawable>
        <name>digital2.xml</name>
        <arraytype>13</arraytype>
        <centerX>-79</centerX>
        <centerY>-73</centerY>
    </drawable>
    <drawable>
        <name>digital2.xml</name>
        <arraytype>13</arraytype>
        <centerX>303</centerX>
        <centerY>-68</centerY>
    </drawable>
    <drawable>
        <name>image6.png</name>
    </drawable>
    <drawable>
        <name>digital3.xml</name>
        <arraytype>10</arraytype>
        <centerX>-35</centerX>
        <centerY>-128</centerY>
    </drawable>
    <drawable>
        <name>digital4.xml</name>
        <arraytype>11</arraytype>
        <centerX>45</centerX>
        <centerY>-138</centerY>
    </drawable>
    <drawable>
        <name>digital5.xml</name>
        <arraytype>6</arraytype>
        <centerX>-43</centerX>
        <centerY>117</centerY>
    </drawable>
    <drawable>
        <name>digital6.xml</name>
        <arraytype>9</arraytype>
        <centerX>102</centerX>
        <centerY>117</centerY>
    </drawable>
    <drawable>
        <name>digital7.xml</name>
        <arraytype>1</arraytype>
        <centerX>0</centerX>
        <centerY>156</centerY>
    </drawable>
    <drawable>
        <name>image7.png</name>
    </drawable>
</clockskin>
