<?xml version="1.0" encoding="utf-8"?>
<clockskin>
	<drawable>
		<name>clock_skin_panel.png</name>
	</drawable>
	<drawable>
		<name>skull face.xml</name>
		<arraytype>6</arraytype>
	</drawable>
	<drawable>
		<name>lackenart turbine 7.png</name>
		<rotate>3</rotate>
		<mulrotate>46</mulrotate>
	</drawable>
	<drawable>
		<name>lackenart face clock 2.png</name>
	</drawable>
	<drawable>
		<name>day lackenart.xml</name>
		<arraytype>4</arraytype>
		<centerX>28</centerX>
		<centerY>87</centerY>
	</drawable>
	<drawable>
		<name>lackenart hour.png</name>
		<rotate>1</rotate>
	</drawable>
	<drawable>
		<name>lackenart minute.png</name>
		<rotate>2</rotate>
	</drawable>
	<drawable>
		<name>pin lackenart.xml</name>
		<arraytype>14</arraytype>
		<centerX>1</centerX>
	</drawable>
<!--COMMENTED BY ClockSkinMaker
<metadata gui='rra' version='1.5.0.0'/>
-->
</clockskin>