<?xml version="1.0" encoding="utf-8"?>
<drawables>
	<image>skull face_num_0.png</image>
	<image>skull face_num_1.png</image>
	<image>skull face_num_2.png</image>
	<image>skull face_num_3.png</image>
	<image>skull face_num_4.png</image>
	<image>skull face_num_5.png</image>
	<image>skull face_num_6.png</image>
	<image>skull face_num_7.png</image>
	<image>skull face_num_8.png</image>
	<image>skull face_num_9.png</image>
	<image>skull face_num_colon.png</image>
<!--COMMENTED BY ClockSkinMaker
<metadata gui='rra' version='1.5.0.0' type='array_second' forecolor='FFFFFF' autoscale='1' font='Times New Roman' fontstyle='Regular' fontsize='67.48683'>
<content></content>
<content></content>
<content></content>
<content></content>
<content></content>
<content></content>
<content></content>
<content></content>
<content></content>
<content></content>
<content>:</content>
</metadata>
-->
</drawables>