<?xml version="1.0" encoding="utf-8"?>
<drawables>
     <image>animation_1_0.png</image>
     <image>animation_2_1.png</image>
     <image>animation_2_2.png</image>
     <image>animation_2_3.png</image>
     <image>animation_2_4.png</image>
     <image>animation_2_5.png</image>
     <image>animation_2_6.png</image>
     <image>animation_2_7.png</image>
     <image>animation_2_8.png</image>
     <image>animation_2_9.png</image>
     <image>animation_2_10.png</image>
     <image>animation_2_11.png</image>
     <image>animation_2_12.png</image>
     <image>animation_2_13.png</image>
     <image>animation_2_14.png</image>
     <image>animation_2_15.png</image>
     <image>animation_2_14.png</image>
     <image>animation_2_13.png</image>
     <image>animation_2_12.png</image>
     <image>animation_2_11.png</image>
     <image>animation_2_10.png</image>
     <image>animation_2_9.png</image>
     <image>animation_2_8.png</image>
     <image>animation_2_7.png</image>
     <image>animation_2_6.png</image>
     <image>animation_2_5.png</image>
     <image>animation_2_4.png</image>
     <image>animation_2_3.png</image>
     <image>animation_2_2.png</image>
     <image>animation_2_1.png</image>
     <image>animation_1_0.png</image>
     <image>animation_2_31.png</image>
     <image>animation_2_32.png</image>
     <image>animation_2_33.png</image>
     <image>animation_2_34.png</image>
     <image>animation_2_35.png</image>
     <image>animation_2_36.png</image>
     <image>animation_2_37.png</image>
     <image>animation_2_38.png</image>
     <image>animation_2_39.png</image>
     <image>animation_2_40.png</image>
     <image>animation_2_41.png</image>
     <image>animation_2_42.png</image>
     <image>animation_2_43.png</image>
     <image>animation_2_44.png</image>
     <image>animation_2_45.png</image>
     <image>animation_2_44.png</image>
     <image>animation_2_43.png</image>
     <image>animation_2_42.png</image>
     <image>animation_2_41.png</image>
     <image>animation_2_40.png</image>
     <image>animation_2_39.png</image>
     <image>animation_2_38.png</image>
     <image>animation_2_37.png</image>
     <image>animation_2_36.png</image>
     <image>animation_2_35.png</image>
     <image>animation_2_34.png</image>
     <image>animation_2_33.png</image>
     <image>animation_2_32.png</image>
     <image>animation_2_31.png</image>
</drawables>
