<?xml version="1.0" encoding="utf-8"?>
<drawables>
     <image>animation_1_0.png</image>
     <image>animation_1_1.png</image>
     <image>animation_1_2.png</image>
     <image>animation_1_3.png</image>
     <image>animation_1_4.png</image>
     <image>animation_1_5.png</image>
     <image>animation_1_6.png</image>
     <image>animation_1_7.png</image>
     <image>animation_1_8.png</image>
     <image>animation_1_9.png</image>
     <image>animation_1_10.png</image>
     <image>animation_1_11.png</image>
     <image>animation_1_12.png</image>
     <image>animation_1_13.png</image>
     <image>animation_1_14.png</image>
     <image>animation_1_15.png</image>
     <image>animation_1_14.png</image>
     <image>animation_1_13.png</image>
     <image>animation_1_12.png</image>
     <image>animation_1_11.png</image>
     <image>animation_1_10.png</image>
     <image>animation_1_9.png</image>
     <image>animation_1_8.png</image>
     <image>animation_1_7.png</image>
     <image>animation_1_6.png</image>
     <image>animation_1_5.png</image>
     <image>animation_1_4.png</image>
     <image>animation_1_3.png</image>
     <image>animation_1_2.png</image>
     <image>animation_1_1.png</image>
     <image>animation_1_0.png</image>
     <image>animation_1_31.png</image>
     <image>animation_1_32.png</image>
     <image>animation_1_33.png</image>
     <image>animation_1_34.png</image>
     <image>animation_1_35.png</image>
     <image>animation_1_36.png</image>
     <image>animation_1_37.png</image>
     <image>animation_1_38.png</image>
     <image>animation_1_39.png</image>
     <image>animation_1_40.png</image>
     <image>animation_1_41.png</image>
     <image>animation_1_42.png</image>
     <image>animation_1_43.png</image>
     <image>animation_1_44.png</image>
     <image>animation_1_45.png</image>
     <image>animation_1_44.png</image>
     <image>animation_1_43.png</image>
     <image>animation_1_42.png</image>
     <image>animation_1_41.png</image>
     <image>animation_1_40.png</image>
     <image>animation_1_39.png</image>
     <image>animation_1_38.png</image>
     <image>animation_1_37.png</image>
     <image>animation_1_36.png</image>
     <image>animation_1_35.png</image>
     <image>animation_1_34.png</image>
     <image>animation_1_33.png</image>
     <image>animation_1_32.png</image>
     <image>animation_1_31.png</image>
</drawables>
