<?xml version="1.0" encoding="utf-8"?>
<drawables>
     <image>animation_3_0.png</image>
     <image>animation_3_1.png</image>
     <image>animation_3_2.png</image>
     <image>animation_3_3.png</image>
     <image>animation_3_4.png</image>
     <image>animation_3_5.png</image>
     <image>animation_3_6.png</image>
     <image>animation_3_7.png</image>
     <image>animation_3_8.png</image>
     <image>animation_3_9.png</image>
     <image>animation_3_10.png</image>
     <image>animation_3_11.png</image>
     <image>animation_3_12.png</image>
     <image>animation_3_13.png</image>
     <image>animation_3_14.png</image>
     <image>animation_1_0.png</image>
     <image>animation_3_16.png</image>
     <image>animation_3_17.png</image>
     <image>animation_3_18.png</image>
     <image>animation_3_19.png</image>
     <image>animation_3_20.png</image>
     <image>animation_3_21.png</image>
     <image>animation_3_22.png</image>
     <image>animation_3_23.png</image>
     <image>animation_3_24.png</image>
     <image>animation_3_25.png</image>
     <image>animation_3_26.png</image>
     <image>animation_3_27.png</image>
     <image>animation_3_28.png</image>
     <image>animation_3_29.png</image>
     <image>animation_3_30.png</image>
     <image>animation_3_29.png</image>
     <image>animation_3_28.png</image>
     <image>animation_3_27.png</image>
     <image>animation_3_26.png</image>
     <image>animation_3_25.png</image>
     <image>animation_3_24.png</image>
     <image>animation_3_23.png</image>
     <image>animation_3_22.png</image>
     <image>animation_3_21.png</image>
     <image>animation_3_20.png</image>
     <image>animation_3_19.png</image>
     <image>animation_3_18.png</image>
     <image>animation_3_17.png</image>
     <image>animation_3_16.png</image>
     <image>animation_1_0.png</image>
     <image>animation_3_14.png</image>
     <image>animation_3_13.png</image>
     <image>animation_3_12.png</image>
     <image>animation_3_11.png</image>
     <image>animation_3_10.png</image>
     <image>animation_3_9.png</image>
     <image>animation_3_8.png</image>
     <image>animation_3_7.png</image>
     <image>animation_3_6.png</image>
     <image>animation_3_5.png</image>
     <image>animation_3_4.png</image>
     <image>animation_3_3.png</image>
     <image>animation_3_2.png</image>
     <image>animation_3_1.png</image>
</drawables>
