<?xml version="1.0" encoding="utf-8"?>
<drawables>
     <image>digital1_60.png</image>
     <image>digital1_59.png</image>
     <image>digital1_58.png</image>
     <image>digital1_57.png</image>
     <image>digital1_56.png</image>
     <image>digital1_55.png</image>
     <image>digital1_54.png</image>
     <image>digital1_53.png</image>
     <image>digital1_52.png</image>
     <image>digital1_51.png</image>
     <image>digital1_50.png</image>
     <image>digital1_49.png</image>
     <image>digital1_48.png</image>
     <image>digital1_47.png</image>
     <image>digital1_46.png</image>
     <image>digital1_45.png</image>
     <image>digital1_44.png</image>
     <image>digital1_43.png</image>
     <image>digital1_42.png</image>
     <image>digital1_41.png</image>
     <image>digital1_40.png</image>
     <image>digital1_39.png</image>
     <image>digital1_38.png</image>
     <image>digital1_37.png</image>
     <image>digital1_36.png</image>
     <image>digital1_35.png</image>
     <image>digital1_34.png</image>
     <image>digital1_33.png</image>
     <image>digital1_32.png</image>
     <image>digital1_31.png</image>
     <image>digital1_30.png</image>
     <image>digital1_29.png</image>
     <image>digital1_28.png</image>
     <image>digital1_27.png</image>
     <image>digital1_26.png</image>
     <image>digital1_25.png</image>
     <image>digital1_24.png</image>
     <image>digital1_23.png</image>
     <image>digital1_22.png</image>
     <image>digital1_21.png</image>
     <image>digital1_20.png</image>
     <image>digital1_19.png</image>
     <image>digital1_18.png</image>
     <image>digital1_17.png</image>
     <image>digital1_16.png</image>
     <image>digital1_15.png</image>
     <image>digital1_14.png</image>
     <image>digital1_13.png</image>
     <image>digital1_12.png</image>
     <image>digital1_11.png</image>
     <image>digital1_10.png</image>
     <image>digital1_9.png</image>
     <image>digital1_8.png</image>
     <image>digital1_7.png</image>
     <image>digital1_6.png</image>
     <image>digital1_5.png</image>
     <image>digital1_4.png</image>
     <image>digital1_3.png</image>
     <image>digital1_2.png</image>
     <image>digital1_1.png</image>
     <image>digital1_0.png</image>
     <image>digital1_119.png</image>
     <image>digital1_118.png</image>
     <image>digital1_117.png</image>
     <image>digital1_116.png</image>
     <image>digital1_115.png</image>
     <image>digital1_114.png</image>
     <image>digital1_113.png</image>
     <image>digital1_112.png</image>
     <image>digital1_111.png</image>
     <image>digital1_110.png</image>
     <image>digital1_109.png</image>
     <image>digital1_108.png</image>
     <image>digital1_107.png</image>
     <image>digital1_106.png</image>
     <image>digital1_105.png</image>
     <image>digital1_104.png</image>
     <image>digital1_103.png</image>
     <image>digital1_102.png</image>
     <image>digital1_101.png</image>
     <image>digital1_100.png</image>
     <image>digital1_99.png</image>
     <image>digital1_98.png</image>
     <image>digital1_97.png</image>
     <image>digital1_96.png</image>
     <image>digital1_95.png</image>
     <image>digital1_94.png</image>
     <image>digital1_93.png</image>
     <image>digital1_92.png</image>
     <image>digital1_91.png</image>
     <image>digital1_90.png</image>
     <image>digital1_89.png</image>
     <image>digital1_88.png</image>
     <image>digital1_87.png</image>
     <image>digital1_86.png</image>
     <image>digital1_85.png</image>
     <image>digital1_84.png</image>
     <image>digital1_83.png</image>
     <image>digital1_82.png</image>
     <image>digital1_81.png</image>
     <image>digital1_80.png</image>
     <image>digital1_79.png</image>
     <image>digital1_78.png</image>
     <image>digital1_77.png</image>
     <image>digital1_76.png</image>
     <image>digital1_75.png</image>
     <image>digital1_74.png</image>
     <image>digital1_73.png</image>
     <image>digital1_72.png</image>
     <image>digital1_71.png</image>
     <image>digital1_70.png</image>
     <image>digital1_69.png</image>
     <image>digital1_68.png</image>
     <image>digital1_67.png</image>
     <image>digital1_66.png</image>
     <image>digital1_65.png</image>
     <image>digital1_64.png</image>
     <image>digital1_63.png</image>
     <image>digital1_62.png</image>
     <image>digital1_61.png</image>
</drawables>
