<?xml version="1.0" encoding="utf-8"?>
<drawables>
     <image>digital7_0.png</image>
     <image>digital7_1.png</image>
     <image>digital7_2.png</image>
     <image>digital7_3.png</image>
     <image>digital7_4.png</image>
     <image>digital7_5.png</image>
     <image>digital7_6.png</image>
     <image>digital7_7.png</image>
     <image>digital7_8.png</image>
     <image>digital7_9.png</image>
     <image>digital9_10.png</image>
     <image>digital13_11.png</image>
</drawables>
