<?xml version="1.0" encoding="utf-8"?>
<clockskin>
	<drawable>
		<name>DIGITAL WACH 23-1.png</name>
	</drawable>
	<drawable>
		<name>MREZA_digital.png</name>
	</drawable>
	<drawable>
		<name>image1_1.png</name>
		<centerX>6</centerX>
		<centerY>-125</centerY>
	</drawable>
	<drawable>
		<name>image1.png</name>
		<centerX>-110</centerX>
		<centerY>-97</centerY>
	</drawable>
	<drawable>
		<name>75.png</name>
		<centerX>-53</centerX>
		<centerY>-126</centerY>
	</drawable>
	<drawable>
		<name>SENCA.png</name>
	</drawable>
	<drawable>
		<name>DIgital time wach2.png</name>
	</drawable>
        <drawable>
		<name>sek.xml</name>
		<arraytype>9</arraytype>
		<centerX>-200</centerX>
	</drawable>
	<drawable>
		<name>digital10_1.xml</name>
		<arraytype>7</arraytype>
		<centerX>-118</centerX>
		<centerY>-15</centerY>
	</drawable>
	<drawable>
		<name>digital10_2.xml</name>
		<arraytype>8</arraytype>
		<centerX>-35</centerX>
		<centerY>-15</centerY>
	</drawable>
	<drawable>
		<name>digital10_3.xml</name>
		<arraytype>9</arraytype>
		<centerX>27</centerX>
		<centerY>-5</centerY>
	</drawable>
	<drawable>
		<name>digital5.xml</name>
		<arraytype>4</arraytype>
		<centerX>88</centerX>
		<centerY>-42</centerY>
	</drawable>
	<drawable>
		<name>mont.xml</name>
		<arraytype>3</arraytype>
		<centerX>132</centerX>
		<centerY>-44</centerY>
	</drawable>
	<drawable>
		<name>ted.xml</name>
		<arraytype>5</arraytype>
		<centerX>112</centerX>
		<centerY>-13</centerY>
	</drawable>  
        <drawable>
        <rotate>13</rotate>
        <rotatemode>8</rotatemode>
        <startAngle>0</startAngle>
        <angle>380</angle>
        <direction>1</direction>
        <mulrotate>-2</mulrotate>
        <centerX>68</centerX>
        <centerY>89</centerY>
        <name>image2.png</name>
    </drawable>
	<drawable>
		<name>digital10.xml</name>
		<arraytype>12</arraytype>
		<centerX>70</centerX>
		<centerY>111</centerY>
	</drawable>
	<drawable>
		<name>KM.xml</name>
		<arraytype>60</arraytype>
		<centerX>-26</centerX>
		<centerY>149</centerY>
	</drawable>
        <drawable>
		<name>digital14.xml</name>
		<arraytype>61</arraytype>
	</drawable>
	<drawable>
		<name>KCAL.xml</name>
		<arraytype>54</arraytype>
		<centerX>-56</centerX>
		<centerY>101</centerY>
	</drawable>
	<drawable>
		<name>hr.xml</name>
		<arraytype>13</arraytype>
		<centerX>-105</centerX>
		<centerY>-77</centerY>
	</drawable>
	<drawable>
		<name>digital6.xml</name>
		<arraytype>10</arraytype>
		<centerX>-55</centerX>
		<centerY>-130</centerY>
	</drawable>
	<drawable>
		<name>temp.xml</name>
		<arraytype>11</arraytype>
		<centerX>13</centerX>
		<centerY>-126</centerY>
	</drawable>
	<drawable>
		<name>bat.xml</name>
		<arraytype>14</arraytype>
		<centerX>-29</centerX>
		<centerY>47</centerY>
	</drawable>  
        <drawable>
		<name>OUT.xml</name>
		<arraytype>80</arraytype>        
	</drawable>
       <drawable>
		<name>HR1.xml</name>
        <arraytype>81</arraytype>
		<mulrotate>1</mulrotate>
	</drawable>
	<drawable>
		<name>MIN.xml</name>
        <arraytype>82</arraytype>
		<mulrotate>1</mulrotate>
	</drawable>
	<drawable>
		<name>SEC.xml</name>
		<arraytype>83</arraytype> 
		<mulrotate>1</mulrotate>
	</drawable> 
        <drawable>
        <arraytype>100</arraytype>
        <centerX>42</centerX>
        <centerY>-170</centerY>
        <range>90</range>
        <cls>com.android.watchweather.MainNewActivity</cls>
        <pkg>com.android.watchweather</pkg>
    </drawable>
       <drawable>
        <arraytype>100</arraytype>
        <centerX>-52</centerX>
        <centerY>-168</centerY>
        <range>30</range>
        <cls>com.google.android.maps.MapsActivity</cls>
        <pkg>com.google.android.apps.maps</pkg>
    </drawable> 
    <drawable>
        <arraytype>100</arraytype>
        <centerX>123</centerX>
        <centerY>-121</centerY>
        <range>40</range>
        <cls>com.wiite.dbf.wiitemms.MainActivity</cls>
        <pkg>com.wiite.dbf.wiitemms</pkg>
    </drawable> 
     <drawable>
        <arraytype>100</arraytype>
        <centerX>-123</centerX>
        <centerY>-125</centerY>
        <range>35</range>
        <cls>bp.wt.com.androidp_contacts.activity.MainContactsActivity</cls>
        <pkg>com.wiite.dbf.androidp_contacts</pkg>
    </drawable> 
  <drawable>
        <arraytype>100</arraytype>
        <centerX>-108</centerX>
        <centerY>-76</centerY>
        <range>40</range>
        <cls>com.wiite.wiite_heartrate.MainActivity</cls>
        <pkg>com.wiite.wiite_heartrate</pkg>
    </drawable>
<!--COMMENTED BY ClockSkinMaker
<metadata gui='rra' version='2.0.0.2'/>
-->
</clockskin>