<?xml version="1.0" encoding="utf-8"?>
<drawables>
	<image>ted_sun.png</image>
	<image>ted_mon.png</image>
	<image>ted_tue.png</image>
	<image>ted_wed.png</image>
	<image>ted_thu.png</image>
	<image>ted_fri.png</image>
	<image>ted_sat.png</image>
<!--COMMENTED BY ClockSkinMaker
<metadata gui='rra' version='2.0.0.2' type='array_weekday' forecolor='C0C0C0' autoscale='1' font='Montroc Condensed' fontstyle='Regular' fontsize='21,86589'>
<content>Sun</content>
<content>Mon</content>
<content>Tue</content>
<content>Wed</content>
<content>Thu</content>
<content>Fri</content>
<content>Sat</content>
</metadata>
-->
</drawables>