<?xml version="1.0" encoding="utf-8"?>
<drawables>
     <image>digital6_10.png</image>
     <image>digital6_10.png</image>
     <image>digital6_10.png</image>
     <image>digital6_10.png</image>
     <image>digital6_10.png</image>
     <image>digital6_10.png</image>
     <image>digital6_10.png</image>
     <image>digital6_10.png</image>
     <image>digital6_10.png</image>
     <image>digital6_10.png</image>
     <image>digital6_10.png</image>
     <image>digital10_11.png</image>
</drawables>
