<?xml version="1.0" encoding="utf-8"?>
<clockskin>
	<drawable>
		<name>clock.png</name>
	</drawable>
	<drawable>
		<name>digital1.xml</name>
		<arraytype>4</arraytype>
		<centerY>105</centerY>
	</drawable>
	<drawable>
		<name>image2-sh_1.png</name>
		<rotate>2</rotate>
		<centerX>-65</centerX>
		<centerY>2</centerY>
		<mulrotate>2</mulrotate>
	</drawable>
	<drawable>
		<name>image2.png</name>
		<rotate>2</rotate>
		<centerX>-67</centerX>
		<mulrotate>2</mulrotate>
	</drawable>
	<drawable>
		<name>image2-sh_2.png</name>
		<rotate>7</rotate>
		<centerX>69</centerX>
		<centerY>2</centerY>
	</drawable>
	<drawable>
		<name>image3.png</name>
		<rotate>7</rotate>
		<centerX>67</centerX>
		<mulrotate>1</mulrotate>
	</drawable>
	<drawable>
		<name>image2-sh.png</name>
		<rotate>6</rotate>
		<centerX>2</centerX>
		<centerY>70</centerY>
		<mulrotate>2</mulrotate>
	</drawable>
	<drawable>
		<name>image4.png</name>
		<rotate>6</rotate>
		<centerY>68</centerY>
		<mulrotate>2</mulrotate>
	</drawable>
	<drawable>
		<name>image5-sh.png</name>
		<rotate>1</rotate>
		<centerX>3</centerX>
		<centerY>3</centerY>
	</drawable>
	<drawable>
		<name>image5.png</name>
		<rotate>1</rotate>
		<mulrotate>1</mulrotate>
	</drawable>
	<drawable>
		<name>image6-sh.png</name>
		<rotate>2</rotate>
		<centerX>4</centerX>
		<centerY>4</centerY>
	</drawable>
	<drawable>
		<name>image7-sh.png</name>
		<rotate>3</rotate>
		<centerX>5</centerX>
		<centerY>5</centerY>
	</drawable>
	<drawable>
		<name>image6.png</name>
		<rotate>2</rotate>
		<centerX>-1</centerX>
		<mulrotate>1</mulrotate>
	</drawable>
	<drawable>
		<name>image7.png</name>
		<rotate>3</rotate>
		<mulrotate>1</mulrotate>
	</drawable>
	<drawable>
		<name>image8.png</name>
	</drawable>
<!--COMMENTED BY ClockSkinMaker
<metadata gui='rra' version='2.0.0.2'/>
-->
</clockskin>