<?xml version="1.0" encoding="utf-8"?>
<clockskin>
	<drawable>
		<name>tanggal2.xml</name>
		<arraytype>4</arraytype>
		<centerX>82</centerX>
		<centerY>95</centerY>
	</drawable>
	<drawable>
		<name>tanggal.xml</name>
		<arraytype>4</arraytype>
		<centerX>105</centerX>
		<centerY>84</centerY>
	</drawable>
	<drawable>
		<name>edifice eqs500BG csm.png</name>
		<centerX>5</centerX>
		<centerY>5</centerY>
	</drawable>
	<drawable>
		<name>img8680_1.png</name>
		<rotate>7</rotate>
		<centerX>-54</centerX>
		<centerY>-42</centerY>
	</drawable>
	<drawable>
		<name>img8676.png</name>
		<rotate>6</rotate>
		<centerX>-53</centerX>
		<centerY>50</centerY>
		<direction>1</direction>
		<mulrotate>2</mulrotate>
	</drawable>
	<drawable>
		<name>img8680.png</name>
		<rotate>4</rotate>
		<centerX>-53</centerX>
		<centerY>50</centerY>
	</drawable>
	<drawable>
		<name>img8677.png</name>
		<rotate>5</rotate>
		<centerX>82</centerX>
		<angle>55</angle>
		<mulrotate>-2</mulrotate>
	</drawable>
	<drawable>
		<name>img8683.png</name>
		<rotate>1</rotate>
		<centerX>5</centerX>
	</drawable>
	<drawable>
		<name>img8685.png</name>
		<rotate>2</rotate>
		<centerX>5</centerX>
	</drawable>
	<drawable>
		<name>img8688.png</name>
		<rotate>3</rotate>
		<centerX>5</centerX>
	</drawable>
<!--COMMENTED BY ClockSkinMaker
<metadata gui='rra' version='1.6.0.0'/>
-->
</clockskin>