<clockskin>
    <drawable>
        <name>image1.png</name>
    </drawable>
    <drawable>
        <name>animated_image_1.xml</name>
        <framerate>10.00000000000000</framerate>
    </drawable>
    <drawable>
        <rotate>3</rotate>
        <mulrotate>1</mulrotate>
        <movement>1</movement>
        <name>image2.png</name>
    </drawable>
    <drawable>
        <name>digital1.xml</name>
        <arraytype>6</arraytype>
        <centerX>4</centerX>
        <centerY>-6</centerY>
    </drawable>
    <drawable>
        <name>digital2.xml</name>
        <arraytype>14</arraytype>
        <centerX>-11</centerX>
        <centerY>107</centerY>
    </drawable>
    <drawable>
        <name>image3.png</name>
    </drawable>
    <drawable>
        <name>digital3.xml</name>
        <arraytype>5</arraytype>
        <centerX>116</centerX>
        <centerY>67</centerY>
    </drawable>
    <drawable>
        <name>digital4.xml</name>
        <arraytype>2</arraytype>
        <centerX>-88</centerX>
        <centerY>67</centerY>
    </drawable>
</clockskin>
