<?xml version="1.0" encoding="utf-8"?>
<clockskin>
	<drawable>
		<name>grund2.png</name>
	</drawable>
	<drawable>
		<name>band_std.png</name>
	</drawable>
	<drawable>
		<name>std.xml</name>
		<arraytype>7</arraytype>
		<centerX>-200</centerX>
	</drawable>
	<drawable>
		<name>std_filter.xml</name>
		<arraytype>7</arraytype>
		<centerX>200</centerX>
	</drawable>
	<drawable>
		<name>band_min.png</name>
	</drawable>
	<drawable>
		<name>min_v.xml</name>
		<arraytype>8</arraytype>
		<centerX>-200</centerX>
	</drawable>
	<drawable>
		<name>min_filter.xml</name>
		<arraytype>8</arraytype>
		<centerX>200</centerX>
	</drawable>
	<drawable>
		<name>schatten.png</name>
	</drawable>
	<drawable>
		<name>spange2.png</name>
	</drawable>
<!--COMMENTED BY ClockSkinMaker
<metadata gui='rra' version='1.4.0.0'/>
-->
</clockskin>