<?xml version="1.0" encoding="utf-8"?>
<clockskin>
    <drawable>
	<name>Array 80 Background.xml</name>
	<arraytype>80</arraytype>        
    </drawable>
    <drawable>
         <name>Array83SecSchatt.xml</name>
	<arraytype>83</arraytype> 
	<mulrotate>1</mulrotate>
        <centerX>2</centerX>
        <centerY>116</centerY>
    </drawable>
    <drawable>
         <name>Array83Sec.xml</name>
	<arraytype>83</arraytype> 
	<mulrotate>1</mulrotate>
        <centerX>0</centerX>
        <centerY>114</centerY>
    </drawable> 
   <drawable>
        <name>image4.png</name>
    </drawable>
    <drawable>
        <name>Array81StdSchatt.xml</name>
        <arraytype>81</arraytype>
        <mulrotate>1</mulrotate>
        <centerX>3</centerX>
        <centerY>3</centerY>
    </drawable>
    <drawable>
        <name>Array81StdHell.xml</name>
        <arraytype>81</arraytype>
        <mulrotate>1</mulrotate>
        <centerX>-1</centerX>
        <centerY>-1</centerY>
    </drawable>
    <drawable>
        <name>Array81Std.xml</name>
        <arraytype>81</arraytype>
        <mulrotate>1</mulrotate>
    </drawable>
    <drawable>
        <name>Array82MinSchatt.xml</name>
        <arraytype>82</arraytype>
        <mulrotate>1</mulrotate>
        <centerX>3</centerX>
        <centerY>3</centerY>
    </drawable>
    <drawable>
        <name>Array82MinHell.xml</name>
        <arraytype>82</arraytype>
        <mulrotate>1</mulrotate>
        <centerX>-1</centerX>
        <centerY>-1</centerY>
    </drawable>
    <drawable>
        <name>Array82Min.xml</name>
        <arraytype>82</arraytype>
        <mulrotate>1</mulrotate>
    </drawable>   
    <drawable>
        <name>image5.png</name>
    </drawable>
</clockskin>