<clockskin>
    <drawable>
        <name>image1.png</name>
    </drawable>
    <drawable>
        <name>digital1.xml</name>
        <arraytype>13</arraytype>
        <centerX>35</centerX>
        <centerY>140</centerY>
    </drawable>
    <drawable>
        <name>digital2.xml</name>
        <arraytype>12</arraytype>
        <centerX>37</centerX>
        <centerY>-117</centerY>
    </drawable>
    <drawable>
        <name>digital3.xml</name>
        <arraytype>3</arraytype>
        <centerX>110</centerX>
        <centerY>-10</centerY>
    </drawable>
    <drawable>
        <name>digital4.xml</name>
        <arraytype>4</arraytype>
        <centerX>109</centerX>
        <centerY>12</centerY>
    </drawable>
    <drawable>
        <name>digital5.xml</name>
        <arraytype>5</arraytype>
        <centerX>-85</centerX>
        <centerY>-89</centerY>
    </drawable>
    <drawable>
        <name>digital6.xml</name>
        <arraytype>5</arraytype>
        <centerX>-56</centerX>
        <centerY>-87</centerY>
    </drawable>
    <drawable>
        <name>digital7.xml</name>
        <arraytype>5</arraytype>
        <centerX>-28</centerX>
        <centerY>-86</centerY>
    </drawable>
    <drawable>
        <name>digital8.xml</name>
        <arraytype>5</arraytype>
        <centerX>0</centerX>
        <centerY>-86</centerY>
    </drawable>
    <drawable>
        <name>digital9.xml</name>
        <arraytype>5</arraytype>
        <centerX>28</centerX>
        <centerY>-86</centerY>
    </drawable>
    <drawable>
        <name>digital10.xml</name>
        <arraytype>5</arraytype>
        <centerX>57</centerX>
        <centerY>-86</centerY>
    </drawable>
    <drawable>
        <name>digital11.xml</name>
        <arraytype>5</arraytype>
        <centerX>85</centerX>
        <centerY>-86</centerY>
    </drawable>
    <drawable>
        <name>image2.png</name>
    </drawable>
    <drawable>
        <name>digital12.xml</name>
        <arraytype>7</arraytype>
        <centerX>-59</centerX>
        <centerY>67</centerY>
    </drawable>
    <drawable>
        <name>digital13.xml</name>
        <arraytype>8</arraytype>
        <centerX>33</centerX>
        <centerY>67</centerY>
    </drawable>
    <drawable>
        <name>digital14.xml</name>
        <arraytype>9</arraytype>
        <centerX>99</centerX>
        <centerY>65</centerY>
    </drawable>
    <drawable>
        <name>image3.png</name>
    </drawable>
    <drawable>
        <name>digital15.xml</name>
        <arraytype>14</arraytype>
        <centerX>-106</centerX>
        <centerY>5</centerY>
    </drawable>
    <drawable>
        <name>digital16.xml</name>
        <arraytype>6</arraytype>
        <centerX>-69</centerX>
        <centerY>116</centerY>
    </drawable>
    <drawable>
        <name>digital17.xml</name>
        <arraytype>6</arraytype>
        <centerX>-20</centerX>
        <centerY>116</centerY>
    </drawable>
    <drawable>
        <rotate>1</rotate>
        <mulrotate>1</mulrotate>
        <name>image4.png</name>
    </drawable>
    <drawable>
        <rotate>1</rotate>
        <mulrotate>1</mulrotate>
        <name>image5.png</name>
    </drawable>
    <drawable>
        <rotate>2</rotate>
        <mulrotate>1</mulrotate>
        <name>image6.png</name>
    </drawable>
    <drawable>
        <rotate>3</rotate>
        <mulrotate>1</mulrotate>
        <name>image7.png</name>
    </drawable>
    <drawable>
        <name>image8.png</name>
    </drawable>
</clockskin>
