<clockskin>
    <drawable>
        <name>animated_image_1.xml</name>
        <framerate>15.00000000000000</framerate>
        <centerX>-9</centerX>
        <centerY>22</centerY>
    </drawable>
    <drawable>
        <name>image1.png</name>
    </drawable>
    <drawable>
        <name>digital1.xml</name>
        <arraytype>5</arraytype>
    </drawable>
    <drawable>
        <name>digital2.xml</name>
        <arraytype>3</arraytype>
        <centerX>-89</centerX>
        <centerY>69</centerY>
    </drawable>
    <drawable>
        <name>digital3.xml</name>
        <arraytype>4</arraytype>
        <centerX>34</centerX>
        <centerY>69</centerY>
    </drawable>
    <drawable>
        <name>digital4.xml</name>
        <arraytype>16</arraytype>
        <centerX>123</centerX>
        <centerY>69</centerY>
    </drawable>
    <drawable>
        <name>digital5.xml</name>
        <arraytype>6</arraytype>
        <centerX>0</centerX>
        <centerY>132</centerY>
    </drawable>
    <drawable>
        <name>animated_image_2.xml</name>
        <framerate>40.00000000000000</framerate>
        <centerX>7</centerX>
        <centerY>-114</centerY>
    </drawable>
    <drawable>
        <name>animated_image_3.xml</name>
        <framerate>15.00000000000000</framerate>
        <centerX>0</centerX>
        <centerY>18</centerY>
    </drawable>
    <drawable>
        <name>image2.png</name>
    </drawable>
</clockskin>
