<clockskin>
    <drawable>
        <name>image1.png</name>
    </drawable>
    <drawable>
        <name>digital1.xml</name>
        <arraytype>61</arraytype>
        <centerX>39</centerX>
        <centerY>87</centerY>
    </drawable>
    <drawable>
        <name>digital2.xml</name>
        <arraytype>61</arraytype>
        <centerX>39</centerX>
        <centerY>87</centerY>
    </drawable>
    <drawable>
        <name>image2.png</name>
    </drawable>
    <drawable>
        <rotate>1</rotate>
        <direction>1</direction>
        <mulrotate>1</mulrotate>
        <centerX>-80</centerX>
        <centerY>7</centerY>
        <name>image3.png</name>
    </drawable>
    <drawable>
        <rotate>2</rotate>
        <direction>1</direction>
        <mulrotate>1</mulrotate>
        <centerX>-80</centerX>
        <centerY>7</centerY>
        <name>image4.png</name>
    </drawable>
    <drawable>
        <name>digital4.xml</name>
        <arraytype>14</arraytype>
        <centerX>145</centerX>
        <centerY>45</centerY>
    </drawable>
    <drawable>
        <name>digital5.xml</name>
        <arraytype>60</arraytype>
        <centerX>137</centerX>
        <centerY>0</centerY>
    </drawable>
    <drawable>
        <name>digital6.xml</name>
        <arraytype>7</arraytype>
        <centerX>75</centerX>
        <centerY>-56</centerY>
    </drawable>
    <drawable>
        <name>digital7.xml</name>
        <arraytype>8</arraytype>
        <centerX>145</centerX>
        <centerY>-51</centerY>
    </drawable>
    <drawable>
        <name>digital8.xml</name>
        <arraytype>4</arraytype>
        <centerX>134</centerX>
        <centerY>-112</centerY>
    </drawable>
    <drawable>
        <name>digital9.xml</name>
        <arraytype>3</arraytype>
        <centerX>65</centerX>
        <centerY>-129</centerY>
    </drawable>
    <drawable>
        <name>image5.png</name>
    </drawable>
</clockskin>
<!-- Created on WatchFace Designer 0.14.2 beta -->
<!-- Exported for Android 7.1+ Stock ClockSkin Engine -->
