<clockskin>
    <drawable>
        <name>image1.png</name>
    </drawable>
    <drawable>
        <name>digital1.xml</name>
        <arraytype>2</arraytype>
        <centerX>4</centerX>
        <centerY>114</centerY>
    </drawable>
    <drawable>
        <name>digital2.xml</name>
        <arraytype>2</arraytype>
        <centerX>0</centerX>
        <centerY>110</centerY>
    </drawable>
    <drawable>
        <name>digital3.xml</name>
        <arraytype>6</arraytype>
        <centerX>-16</centerX>
        <centerY>-1</centerY>
    </drawable>
    <drawable>
        <name>digital4.xml</name>
        <arraytype>6</arraytype>
        <centerX>-20</centerX>
        <centerY>-5</centerY>
    </drawable>
    <drawable>
        <name>digital5.xml</name>
        <arraytype>9</arraytype>
        <centerX>143</centerX>
        <centerY>11</centerY>
    </drawable>
    <drawable>
        <name>digital6.xml</name>
        <arraytype>9</arraytype>
        <centerX>139</centerX>
        <centerY>7</centerY>
    </drawable>
    <drawable>
        <name>image2.png</name>
    </drawable>
    <drawable>
        <name>digital7.xml</name>
        <arraytype>12</arraytype>
        <centerX>99</centerX>
        <centerY>-82</centerY>
    </drawable>
    <drawable>
        <name>digital8.xml</name>
        <arraytype>12</arraytype>
        <centerX>95</centerX>
        <centerY>-86</centerY>
    </drawable>
    <drawable>
        <name>digital9.xml</name>
        <arraytype>13</arraytype>
        <centerX>32</centerX>
        <centerY>162</centerY>
    </drawable>
    <drawable>
        <name>digital10.xml</name>
        <arraytype>13</arraytype>
        <centerX>36</centerX>
        <centerY>166</centerY>
    </drawable>
    <drawable>
        <name>digital11.xml</name>
        <arraytype>6</arraytype>
        <centerX>-161</centerX>
        <centerY>-19</centerY>
    </drawable>
    <drawable>
        <name>digital12.xml</name>
        <arraytype>6</arraytype>
        <centerX>-165</centerX>
        <centerY>-23</centerY>
    </drawable>
    <drawable>
        <name>digital13.xml</name>
        <arraytype>14</arraytype>
        <centerX>200</centerX>
        <centerY>0</centerY>
    </drawable>
    <drawable>
        <name>digital14.xml</name>
        <arraytype>14</arraytype>
        <centerX>-200</centerX>
        <centerY>0</centerY>
    </drawable>
    <drawable>
        <name>digital15.xml</name>
        <arraytype>5</arraytype>
    </drawable>
    <drawable>
        <name>image3.png</name>
    </drawable>
</clockskin>
