<?xml version="1.0" encoding="utf-8"?>
<drawables>
     <image>digital11_0.png</image>
     <image>digital11_0.png</image>
     <image>digital11_0.png</image>
     <image>digital11_0.png</image>
     <image>digital11_0.png</image>
     <image>digital11_0.png</image>
     <image>digital11_0.png</image>
     <image>digital11_0.png</image>
     <image>digital11_0.png</image>
     <image>digital11_0.png</image>
     <image>digital11_0.png</image>
     <image>digital12_11.png</image>
     <image>digital12_12.png</image>
</drawables>
