<?xml version="1.0" encoding="utf-8"?>
<drawables>
     <name repeat="0">animated_image_2.xml</name>
     <name repeat="0">animated_image_3.xml</name>
     <name repeat="0">animated_image_4.xml</name>
     <name repeat="0">animated_image_5.xml</name>
     <name repeat="0">animated_image_6.xml</name>
     <name repeat="0">animated_image_7.xml</name>
     <name repeat="0">animated_image_8.xml</name>
     <name repeat="0">animated_image_9.xml</name>
     <name repeat="0">animated_image_10.xml</name>
     <name repeat="0">animated_image_11.xml</name>
</drawables>
