<?xml version="1.0" encoding="utf-8"?>
<drawables>
	<image>Azul 0.png</image>
	<image>Azul 1.png</image>
	<image>Azul 2.png</image>
	<image>Azul 3.png</image>
	<image>Azul 4.png</image>
	<image>Azul 5.png</image>
	<image>Azul 6.png</image>
	<image>Azul 7.png</image>
	<image>Azul 8.png</image>
	<image>Azul 9.png</image>
	<image>Azul Colon.png</image>
<!--COMMENTED BY ClockSkinMaker
<metadata gui='rra' version='1.6.0.0' type='array_second' forecolor='0000FF' autoscale='1' font='Digital-7' fontstyle='Regular' fontsize='37,94849'>
<content>0</content>
<content>1</content>
<content>2</content>
<content>3</content>
<content>4</content>
<content>5</content>
<content>6</content>
<content>7</content>
<content>8</content>
<content>9</content>
<content>:</content>
</metadata>
-->
</drawables>