<?xml version="1.0" encoding="utf-8"?>
<clockskin>
	<drawable>
		<name>Black.png</name>
	</drawable>
	<drawable>
		<name>Azul.xml</name>
		<arraytype>6</arraytype>
	</drawable>
	<drawable>
		<name>img6423.png</name>
		<rotate>3</rotate>
	</drawable>
	<drawable>
		<name>ring.png</name>
	</drawable>
	<drawable>
		<name>bat.xml</name>
		<arraytype>14</arraytype>
		<centerX>-12</centerX>
		<centerY>120</centerY>
	</drawable>
<!--COMMENTED BY ClockSkinMaker
<metadata gui='rra' version='1.6.0.0'/>
-->
</clockskin>