<?xml version="1.0" encoding="utf-8"?>
<clockskin>
	<drawable>
		<name>image1a.png</name>
	</drawable>
	<drawable>
		<name>digital1_1.xml</name>
		<arraytype>4</arraytype>
		<centerX>-89</centerX>
		<centerY>17</centerY>
	</drawable>
	<drawable>
		<name>digital2.xml</name>
		<arraytype>4</arraytype>
		<centerX>312</centerX>
		<centerY>-7</centerY>
	</drawable>
	<drawable>
		<name>image2.png</name>
	</drawable>
	<drawable>
		<name>image3-sh.png</name>
		<rotate>7</rotate>
		<centerX>2</centerX>
		<centerY>-104</centerY>
	</drawable>
	<drawable>
		<name>image3.png</name>
		<rotate>7</rotate>
		<centerY>-106</centerY>
		<mulrotate>1</mulrotate>
	</drawable>
	<drawable>
		<name>image4-sh.png</name>
		<rotate>7</rotate>
		<centerX>-105</centerX>
		<centerY>2</centerY>
	</drawable>
	<drawable>
		<name>image4.png</name>
		<rotate>7</rotate>
		<centerX>-107</centerX>
		<mulrotate>1</mulrotate>
	</drawable>
	<drawable>
		<name>image5-sh.png</name>
		<rotate>7</rotate>
		<centerX>2</centerX>
		<centerY>109</centerY>
	</drawable>
	<drawable>
		<name>image5.png</name>
		<rotate>7</rotate>
		<centerY>107</centerY>
		<mulrotate>1</mulrotate>
	</drawable>
	<drawable>
		<name>image6-sh.png</name>
		<rotate>7</rotate>
		<centerX>2</centerX>
		<centerY>2</centerY>
		<mulrotate>2</mulrotate>
	</drawable>
	<drawable>
		<name>image6.png</name>
		<rotate>7</rotate>
		<direction>2</direction>
		<mulrotate>2</mulrotate>
	</drawable>
	<drawable>
		<name>image8.png</name>
	</drawable>
	<drawable>
		<name>image10.png</name>
	</drawable>
	<drawable>
		<name>hour-sh.png</name>
		<rotate>1</rotate>
		<centerX>4</centerX>
		<centerY>4</centerY>
	</drawable>
	<drawable>
		<name>hour.png</name>
		<rotate>1</rotate>
	</drawable>
	<drawable>
		<name>minute-sh.png</name>
		<rotate>2</rotate>
		<centerX>5</centerX>
		<centerY>5</centerY>
	</drawable>
	<drawable>
		<name>second-sh.png</name>
		<rotate>3</rotate>
		<centerX>6</centerX>
		<centerY>6</centerY>
	</drawable>
	<drawable>
		<name>minute.png</name>
		<rotate>2</rotate>
	</drawable>
	<drawable>
		<name>second.png</name>
		<rotate>3</rotate>
		<mulrotate>1</mulrotate>
	</drawable>
<!--COMMENTED BY ClockSkinMaker
<metadata gui='rra' version='2.0.0.2'/>
-->
</clockskin>