<clockskin>
    <drawable>
        <name>animated_image_1.xml</name>
        <arraytype>62</arraytype>
        <centerX>0</centerX>
        <centerY>-1</centerY>
    </drawable>
    <drawable>
        <name>animated_image_1_bf.xml</name>
        <arraytype>62</arraytype>
    </drawable>
    <drawable>
        <name>image1.png</name>
    </drawable>
    <drawable>
        <name>digital1.xml</name>
        <arraytype>6</arraytype>
        <centerX>-89</centerX>
        <centerY>74</centerY>
    </drawable>
    <drawable>
        <name>digital2.xml</name>
        <arraytype>11</arraytype>
        <centerX>-97</centerX>
        <centerY>114</centerY>
    </drawable>
    <drawable>
        <name>digital3.xml</name>
        <arraytype>13</arraytype>
        <centerX>-82</centerX>
        <centerY>20</centerY>
    </drawable>
    <drawable>
        <name>animated_image_2.xml</name>
        <arraytype>62</arraytype>
        <centerX>-112</centerX>
        <centerY>21</centerY>
    </drawable>
    <drawable>
        <name>animated_image_2_bf.xml</name>
        <arraytype>62</arraytype>
    </drawable>
    <drawable>
        <name>image2.png</name>
    </drawable>
    <drawable>
        <name>digital4.xml</name>
        <arraytype>14</arraytype>
        <centerX>-104</centerX>
        <centerY>-40</centerY>
    </drawable>
    <drawable>
        <name>digital5.xml</name>
        <arraytype>2</arraytype>
        <centerX>-122</centerX>
        <centerY>-93</centerY>
    </drawable>
    <drawable>
        <name>image3.png</name>
    </drawable>
    <drawable>
        <name>digital6.xml</name>
        <arraytype>10</arraytype>
        <centerX>-114</centerX>
        <centerY>-55</centerY>
    </drawable>
    <drawable>
        <name>digital7.xml</name>
        <arraytype>50</arraytype>
        <centerX>-136</centerX>
        <centerY>-76</centerY>
    </drawable>
    <drawable>
        <name>image4.png</name>
    </drawable>
    <drawable>
        <name>digital8.xml</name>
        <arraytype>51</arraytype>
        <centerX>-98</centerX>
        <centerY>-75</centerY>
    </drawable>
    <drawable>
        <name>digital9.xml</name>
        <arraytype>19</arraytype>
        <centerX>85</centerX>
        <centerY>124</centerY>
    </drawable>
    <drawable>
        <name>digital10.xml</name>
        <arraytype>10</arraytype>
        <centerX>-152</centerX>
        <centerY>-57</centerY>
    </drawable>
    <drawable>
        <arraytype>100</arraytype>
        <centerX>-91</centerX>
        <centerY>112</centerY>
        <range>40</range>
        <cls>com.android.watchweather.WeatherActivity</cls>
        <pkg>com.android.watchweather</pkg>
    </drawable>
    <drawable>
        <arraytype>100</arraytype>
        <centerX>-94</centerX>
        <centerY>22</centerY>
        <range>40</range>
        <cls>com.wiite.wiite_heartrate.MainActivity</cls>
        <pkg>com.wiite.wiite_heartrate</pkg>
    </drawable>
    <drawable>
        <arraytype>100</arraytype>
        <centerX>156</centerX>
        <centerY>-66</centerY>
        <range>40</range>
        <cls>com.android.settings.Settings</cls>
        <pkg>com.android.settings</pkg>
    </drawable>
</clockskin>
<!-- Created on WatchFace Designer 0.14.2 beta -->
<!-- Exported for Android 7.1+ Stock ClockSkin Engine -->
