<?xml version="1.0" encoding="utf-8"?>
<drawables>
     <image>digital8_0.png</image>
     <image>digital8_1.png</image>
     <image>digital8_2.png</image>
     <image>digital8_3.png</image>
     <image>digital8_4.png</image>
     <image>digital8_5.png</image>
     <image>digital8_6.png</image>
     <image>digital8_7.png</image>
     <image>digital8_8.png</image>
     <image>digital8_9.png</image>
     <image>digital2_10.png</image>
     <image>digital8_11.png</image>
</drawables>
