<?xml version="1.0" encoding="utf-8"?>
<clockskin>
	<drawable>
		<name>year_1.xml</name>
		<arraytype>16</arraytype>
		<centerX>-106</centerX>
		<centerY>98</centerY>
	</drawable>
	<drawable>
		<name>year_2.xml</name>
		<arraytype>16</arraytype>
		<centerX>-394</centerX>
		<centerY>98</centerY>
	</drawable>
	<drawable>
		<name>month.xml</name>
		<arraytype>3</arraytype>
		<centerX>106</centerX>
		<centerY>23</centerY>
	</drawable>
	<drawable>
		<name>background.png</name>
	</drawable>
	<drawable>
		<name>Date.xml</name>
		<arraytype>4</arraytype>
		<centerX>58</centerX>
		<centerY>-98</centerY>
	</drawable>
	<drawable>
		<name>weekday.xml</name>
		<arraytype>5</arraytype>
		<centerX>-58</centerX>
		<centerY>22</centerY>
	</drawable>
	<drawable>
		<name>hand_second_2_shadow.png</name>
		<rotate>3</rotate>
		<centerX>-76</centerX>
		<centerY>2</centerY>
	</drawable>
	<drawable>
		<name>hand_second_2.png</name>
		<rotate>3</rotate>
		<centerX>-78</centerX>
	</drawable>
	<drawable>
		<name>hand_24hours_shadow.png</name>
		<rotate>7</rotate>
		<centerX>2</centerX>
		<centerY>2</centerY>
	</drawable>
	<drawable>
		<name>hand_24hours.png</name>
		<rotate>7</rotate>
	</drawable>
	<drawable>
		<name>hand_hour_shadow.png</name>
		<rotate>1</rotate>
		<centerX>3</centerX>
		<centerY>3</centerY>
	</drawable>
	<drawable>
		<name>hand_hour.png</name>
		<rotate>1</rotate>
	</drawable>
	<drawable>
		<name>hand_minute_shadow.png</name>
		<rotate>2</rotate>
		<centerX>4</centerX>
		<centerY>3</centerY>
	</drawable>
	<drawable>
		<name>hand_minute.png</name>
		<rotate>2</rotate>
	</drawable>
<!--COMMENTED BY ClockSkinMaker
<metadata gui='rra' version='2.0.0.2'/>
-->
</clockskin>