<?xml version="1.0" encoding="utf-8"?>
<clockskin>
	<drawable>
		<name>grund.png</name>
	</drawable>
	<drawable>
		<name>std.xml</name>
		<arraytype>7</arraytype>
		<centerX>-200</centerX>
	</drawable>
	<drawable>
		<name>std_filter.xml</name>
		<arraytype>7</arraytype>
		<centerX>200</centerX>
	</drawable>
	<drawable>
		<name>band_min.png</name>
	</drawable>
	<drawable>
		<name>min_v.xml</name>
		<arraytype>8</arraytype>
		<centerX>200</centerX>
	</drawable>
	<drawable>
		<name>min_h.xml</name>
		<arraytype>8</arraytype>
		<centerX>-200</centerX>
	</drawable>
	<drawable>
		<name>band.png</name>
	</drawable>
	<drawable>
		<name>sec_vorn.xml</name>
		<arraytype>9</arraytype>
		<centerX>200</centerX>
	</drawable>
	<drawable>
		<name>sec_A.xml</name>
		<arraytype>9</arraytype>
		<centerX>-200</centerX>
	</drawable>
	<drawable>
		<name>sec_switch.xml</name>
		<arraytype>9</arraytype>
		<centerX>-200</centerX>
	</drawable>
	<drawable>
		<name>randschatten.png</name>
	</drawable>
	<drawable>
		<name>spange.png</name>
	</drawable>
<!--COMMENTED BY ClockSkinMaker
<metadata gui='rra' version='1.4.0.0'/>
-->
</clockskin>