<clockskin>
    <drawable>
        <name>image1.png</name>
    </drawable>
    <drawable>
        <name>image2.png</name>
        <rotate>3</rotate>
        <mulrotate>4</mulrotate>
        <centerX>0</centerX>
        <centerY>170</centerY>
    </drawable>
    <drawable>
        <name>image3.png</name>
    </drawable>
    <drawable>
        <name>digital1.xml</name>
        <arraytype>7</arraytype>
        <centerX>-86</centerX>
        <centerY>-83</centerY>
    </drawable>
    <drawable>
        <name>digital2.xml</name>
        <arraytype>8</arraytype>
        <centerX>-19</centerX>
        <centerY>-83</centerY>
    </drawable>
    <drawable>
        <name>digital3.xml</name>
        <arraytype>9</arraytype>
        <centerX>53</centerX>
        <centerY>-83</centerY>
    </drawable>
    <drawable>
        <name>image4.png</name>
    </drawable>
    <drawable>
        <name>image5.png</name>
        <rotate>3</rotate>
        <mulrotate>6</mulrotate>
        <centerX>133</centerX>
        <centerY>-83</centerY>
    </drawable>
    <drawable>
        <name>image6.png</name>
        <rotate>3</rotate>
        <mulrotate>6</mulrotate>
        <centerX>133</centerX>
        <centerY>-84</centerY>
    </drawable>
    <drawable>
        <name>image7.png</name>
        <rotate>3</rotate>
        <mulrotate>6</mulrotate>
        <centerX>133</centerX>
        <centerY>-84</centerY>
    </drawable>
    <drawable>
        <name>image8.png</name>
        <rotate>3</rotate>
        <mulrotate>4</mulrotate>
        <centerX>0</centerX>
        <centerY>170</centerY>
    </drawable>
    <drawable>
        <name>image9.png</name>
    </drawable>
</clockskin>
