<clockskin>
    <drawable>
        <rotate>3</rotate>
        <mulrotate>1</mulrotate>
        <smoothRun>false</smoothRun>
        <name>image1.png</name>
    </drawable>
    <drawable>
        <rotate>3</rotate>
        <mulrotate>1</mulrotate>
        <smoothRun>false</smoothRun>
        <centerX>4</centerX>
        <centerY>4</centerY>
        <name>image2.png</name>
    </drawable>
    <drawable>
        <rotate>3</rotate>
        <mulrotate>1</mulrotate>
        <name>image3.png</name>
    </drawable>
</clockskin>
