<clockskin>
    <drawable>
        <name>image1.png</name>
    </drawable>
    <drawable>
        <name>digital1.xml</name>
        <arraytype>7</arraytype>
        <centerX>169</centerX>
        <centerY>-82</centerY>
    </drawable>
    <drawable>
        <name>digital2.xml</name>
        <arraytype>8</arraytype>
        <centerX>-184</centerX>
        <centerY>33</centerY>
    </drawable>
    <drawable>
        <name>image2.png</name>
    </drawable>
    <drawable>
        <name>digital3.xml</name>
        <arraytype>7</arraytype>
        <centerX>-201</centerX>
        <centerY>8</centerY>
    </drawable>
    <drawable>
        <name>image3.png</name>
    </drawable>
    <drawable>
        <name>digital4.xml</name>
        <arraytype>8</arraytype>
        <centerX>181</centerX>
        <centerY>47</centerY>
    </drawable>
    <drawable>
        <name>image4.png</name>
    </drawable>
</clockskin>
