<clockskin>
    <drawable>
        <name>image1.png</name>
    </drawable>
    <drawable>
        <name>digital1.xml</name>
        <arraytype>9</arraytype>
        <centerX>-200</centerX>
        <centerY>0</centerY>
    </drawable>
    <drawable>
        <name>digital2.xml</name>
        <arraytype>9</arraytype>
        <centerX>200</centerX>
        <centerY>0</centerY>
    </drawable>
    <drawable>
        <name>image2.png</name>
    </drawable>
    <drawable>
        <name>digital3.xml</name>
        <arraytype>4</arraytype>
        <centerX>112</centerX>
        <centerY>0</centerY>
    </drawable>
    <drawable>
        <name>digital4.xml</name>
        <arraytype>3</arraytype>
        <centerX>67</centerX>
        <centerY>0</centerY>
    </drawable>
    <drawable>
        <name>image3.png</name>
    </drawable>
    <drawable>
        <name>digital5.xml</name>
        <arraytype>10</arraytype>
        <centerX>0</centerX>
        <centerY>111</centerY>
    </drawable>
    <drawable>
        <name>digital6.xml</name>
        <arraytype>50</arraytype>
        <centerX>59</centerX>
        <centerY>-92</centerY>
    </drawable>
    <drawable>
        <name>digital7.xml</name>
        <arraytype>51</arraytype>
        <centerX>98</centerX>
        <centerY>-49</centerY>
    </drawable>
    <drawable>
        <name>image4.png</name>
    </drawable>
    <drawable>
        <rotate>6</rotate>
        <mulrotate>1</mulrotate>
        <name>image5.png</name>
    </drawable>
    <drawable>
        <rotate>1</rotate>
        <direction>1</direction>
        <mulrotate>1</mulrotate>
        <centerX>-4</centerX>
        <centerY>-5</centerY>
        <name>image6.png</name>
    </drawable>
    <drawable>
        <rotate>2</rotate>
        <direction>1</direction>
        <mulrotate>1</mulrotate>
        <centerX>-3</centerX>
        <centerY>-4</centerY>
        <name>image7.png</name>
    </drawable>
    <drawable>
        <rotate>1</rotate>
        <direction>1</direction>
        <mulrotate>1</mulrotate>
        <name>image8.png</name>
    </drawable>
    <drawable>
        <rotate>2</rotate>
        <direction>1</direction>
        <mulrotate>1</mulrotate>
        <name>image9.png</name>
    </drawable>
    <drawable>
        <name>image10.png</name>
    </drawable>
    <drawable>
        <arraytype>100</arraytype>
        <centerX>0</centerX>
        <centerY>136</centerY>
        <range>40</range>
        <cls>com.android.watchweather.WeatherActivity</cls>
        <pkg>com.android.watchweather</pkg>
    </drawable>
    <drawable>
        <arraytype>100</arraytype>
        <centerX>68</centerX>
        <centerY>-117</centerY>
        <range>40</range>
        <cls>com.google.android.dialer.extensions.GoogleDialtactsActivity</cls>
     <pkg>com.google.android.dialer</pkg>
    </drawable>
    <drawable>
        <arraytype>100</arraytype>
        <centerX>117</centerX>
        <centerY>-67</centerY>
        <range>40</range>
        <cls>com.google.android.apps.messaging.main.MainActivity</cls>
        <pkg>com.google.android.apps.messaging</pkg>
    </drawable>
    <drawable>
        <name>image11.png</name>
    </drawable>
</clockskin>
<!-- Created on WatchFace Designer 0.14.2 beta -->
<!-- Exported for Android 7.1+ Stock ClockSkin Engine -->
