<clockskin>
    <drawable>
        <rotate>3</rotate>
        <direction>1</direction>
        <mulrotate>2</mulrotate>
        <name>image1.png</name>
    </drawable>
    <drawable>
        <name>image2.png</name>
    </drawable>
    <drawable>
        <rotate>2</rotate>
        <direction>2</direction>
        <mulrotate>1</mulrotate>
        <centerX>0</centerX>
        <centerY>1</centerY>
        <name>image3.png</name>
    </drawable>
    <drawable>
        <name>digital1.xml</name>
        <arraytype>12</arraytype>
        <centerX>-643</centerX>
        <centerY>-78</centerY>
    </drawable>
    <drawable>
        <name>digital1.xml</name>
        <arraytype>12</arraytype>
        <centerX>-250</centerX>
        <centerY>-89</centerY>
    </drawable>
    <drawable>
        <name>digital1.xml</name>
        <arraytype>12</arraytype>
        <centerX>143</centerX>
        <centerY>-100</centerY>
    </drawable>
    <drawable>
        <name>digital1.xml</name>
        <arraytype>12</arraytype>
        <centerX>535</centerX>
        <centerY>-110</centerY>
    </drawable>
    <drawable>
        <name>digital1.xml</name>
        <arraytype>12</arraytype>
        <centerX>928</centerX>
        <centerY>-121</centerY>
    </drawable>
    <drawable>
        <name>digital2.xml</name>
        <arraytype>13</arraytype>
        <centerX>-540</centerX>
        <centerY>-109</centerY>
    </drawable>
    <drawable>
        <name>digital2.xml</name>
        <arraytype>13</arraytype>
        <centerX>-148</centerX>
        <centerY>-98</centerY>
    </drawable>
    <drawable>
        <name>digital2.xml</name>
        <arraytype>13</arraytype>
        <centerX>245</centerX>
        <centerY>-86</centerY>
    </drawable>
    <drawable>
        <name>digital3.xml</name>
        <arraytype>54</arraytype>
        <centerX>-489</centerX>
        <centerY>141</centerY>
    </drawable>
    <drawable>
        <name>digital3.xml</name>
        <arraytype>54</arraytype>
        <centerX>-100</centerX>
        <centerY>148</centerY>
    </drawable>
    <drawable>
        <name>digital3.xml</name>
        <arraytype>54</arraytype>
        <centerX>289</centerX>
        <centerY>155</centerY>
    </drawable>
    <drawable>
        <name>digital3.xml</name>
        <arraytype>54</arraytype>
        <centerX>679</centerX>
        <centerY>162</centerY>
    </drawable>
    <drawable>
        <name>digital4.xml</name>
        <arraytype>6</arraytype>
        <centerX>0</centerX>
        <centerY>-4</centerY>
    </drawable>
    <drawable>
        <name>image4.png</name>
    </drawable>
    <drawable>
        <name>digital5.xml</name>
        <arraytype>14</arraytype>
        <centerX>-6</centerX>
        <centerY>-89</centerY>
    </drawable>
    <drawable>
        <name>image5.png</name>
    </drawable>
    <drawable>
        <name>digital6.xml</name>
        <arraytype>10</arraytype>
        <centerX>1</centerX>
        <centerY>82</centerY>
    </drawable>
    <drawable>
        <name>digital7.xml</name>
        <arraytype>11</arraytype>
        <centerX>-10</centerX>
        <centerY>136</centerY>
    </drawable>
    <drawable>
        <name>image6.png</name>
    </drawable>
    <drawable>
        <name>digital8.xml</name>
        <arraytype>19</arraytype>
        <centerX>-122</centerX>
        <centerY>129</centerY>
    </drawable>
    <drawable>
        <name>digital9.xml</name>
        <arraytype>19</arraytype>
        <centerX>-84</centerX>
        <centerY>158</centerY>
    </drawable>
    <drawable>
        <name>animated_image_1.xml</name>
        <arraytype>62</arraytype>
        <centerX>-3</centerX>
        <centerY>-67</centerY>
    </drawable>
    <drawable>
        <name>animated_image_1_bf.xml</name>
        <arraytype>62</arraytype>
    </drawable>
    <drawable>
        <arraytype>100</arraytype>
        <centerX>130</centerX>
        <centerY>-103</centerY>
        <range>40</range>
        <cls>com.sprots.wiiteer.fitness.module.main.ui.MainActivity</cls>
        <pkg>com.sprots.wiiteer.fitness</pkg>
    </drawable>
    <drawable>
        <arraytype>100</arraytype>
        <centerX>-2</centerX>
        <centerY>93</centerY>
        <range>40</range>
        <cls>com.android.watchweather.WeatherActivity</cls>
        <pkg>com.android.watchweather</pkg>
    </drawable>
    <drawable>
        <arraytype>100</arraytype>
        <centerX>-122</centerX>
        <centerY>-112</centerY>
        <range>40</range>
        <cls>com.wiite.wiite_heartrate.MainActivity</cls>
        <pkg>com.wiite.wiite_heartrate</pkg>
    </drawable>
    <drawable>
        <name>image7.png</name>
    </drawable>
    <drawable>
        <arraytype>100</arraytype>
        <centerX>-1</centerX>
        <centerY>-65</centerY>
        <range>40</range>
        <cls>com.google.android.apps.googleassistant.AssistantActivity</cls>
        <pkg>com.google.android.apps.googleassistant</pkg>
    </drawable>
</clockskin>
<!-- Created on WatchFace Designer 0.14.2 beta -->
<!-- Exported for Android 7.1+ Stock ClockSkin Engine -->
