<clockskin>
    <drawable>
        <name>image1.png</name>
    </drawable>
    <drawable>
        <name>digital1.xml</name>
        <arraytype>7</arraytype>
        <centerX>-134</centerX>
        <centerY>-64</centerY>
    </drawable>
    <drawable>
        <name>digital2.xml</name>
        <arraytype>8</arraytype>
        <centerX>-133</centerX>
        <centerY>12</centerY>
    </drawable>
    <drawable>
        <name>digital3.xml</name>
        <arraytype>9</arraytype>
        <centerX>-115</centerX>
        <centerY>72</centerY>
    </drawable>
    <drawable>
        <name>digital4.xml</name>
        <arraytype>5</arraytype>
        <centerX>-80</centerX>
        <centerY>125</centerY>
    </drawable>
    <drawable>
        <name>digital5.xml</name>
        <arraytype>3</arraytype>
        <centerX>-51</centerX>
        <centerY>147</centerY>
    </drawable>
    <drawable>
        <name>digital6.xml</name>
        <arraytype>4</arraytype>
        <centerX>-38</centerX>
        <centerY>174</centerY>
    </drawable>
    <drawable>
        <name>digital7.xml</name>
        <arraytype>16</arraytype>
        <centerX>27</centerX>
        <centerY>174</centerY>
    </drawable>
    <drawable>
        <name>image2.png</name>
    </drawable>
    <drawable>
        <name>digital8.xml</name>
        <arraytype>14</arraytype>
        <centerX>-47</centerX>
        <centerY>-173</centerY>
    </drawable>
    <drawable>
        <name>image3.png</name>
    </drawable>
    <drawable>
        <name>digital9.xml</name>
        <arraytype>13</arraytype>
        <centerX>-79</centerX>
        <centerY>-113</centerY>
    </drawable>
    <drawable>
        <name>image4.png</name>
    </drawable>
    <drawable>
        <name>digital10.xml</name>
        <arraytype>6</arraytype>
        <centerX>-126</centerX>
        <centerY>-144</centerY>
    </drawable>
    <drawable>
        <name>digital11.xml</name>
        <arraytype>6</arraytype>
        <centerX>-123</centerX>
        <centerY>-143</centerY>
    </drawable>
    <drawable>
        <name>digital12.xml</name>
        <arraytype>10</arraytype>
        <centerX>-154</centerX>
        <centerY>88</centerY>
    </drawable>
</clockskin>
