<clockskin>
    <drawable>
        <name>image1.png</name>
    </drawable>
    <drawable>
        <name>digital1.xml</name>
        <arraytype>6</arraytype>
        <centerX>0</centerX>
        <centerY>4</centerY>
    </drawable>
    <drawable>
        <name>digital2.xml</name>
        <arraytype>9</arraytype>
        <centerX>72</centerX>
        <centerY>67</centerY>
    </drawable>
    <drawable>
        <name>digital3.xml</name>
        <arraytype>4</arraytype>
        <centerX>-89</centerX>
        <centerY>-106</centerY>
    </drawable>
    <drawable>
        <name>image2.png</name>
    </drawable>
    <drawable>
        <name>digital4.xml</name>
        <arraytype>14</arraytype>
        <centerX>-82</centerX>
        <centerY>67</centerY>
    </drawable>
    <drawable>
        <name>digital5.xml</name>
        <arraytype>3</arraytype>
        <centerX>-25</centerX>
        <centerY>-108</centerY>
    </drawable>
    <drawable>
        <name>digital6.xml</name>
        <arraytype>16</arraytype>
        <centerX>60</centerX>
        <centerY>-107</centerY>
    </drawable>
</clockskin>
