<?xml version="1.0" encoding="utf-8"?>
<clockskin>
	<drawable>
		<name>image1.png</name>
	</drawable>
	<drawable>
		<name>image2_1.png</name>
		<rotate>3</rotate>
		<centerX>-130</centerX>
		<centerY>-4</centerY>
		<mulrotate>4</mulrotate>
	</drawable>
	<drawable>
		<name>image2_2.png</name>
		<rotate>3</rotate>
		<centerX>-159</centerX>
		<centerY>31</centerY>
		<mulrotate>10</mulrotate>
	</drawable>
	<drawable>
		<name>image2_3.png</name>
		<rotate>3</rotate>
		<centerX>-115</centerX>
		<centerY>40</centerY>
		<mulrotate>23</mulrotate>
	</drawable>
	<drawable>
		<name>image2_4.png</name>
		<rotate>3</rotate>
		<centerX>-143</centerX>
		<centerY>73</centerY>
		<mulrotate>28</mulrotate>
	</drawable>
	<drawable>
		<name>image2_5.png</name>
		<rotate>3</rotate>
		<centerX>-142</centerX>
		<centerY>120</centerY>
		<mulrotate>18</mulrotate>
	</drawable>
	<drawable>
		<name>image2_6.png</name>
		<rotate>3</rotate>
		<centerX>-103</centerX>
		<centerY>99</centerY>
		<mulrotate>46</mulrotate>
	</drawable>
	<drawable>
		<name>image2_7.png</name>
		<rotate>3</rotate>
		<centerX>-114</centerX>
		<centerY>-133</centerY>
		<mulrotate>39</mulrotate>
	</drawable>
	<drawable>
		<name>image2_8.png</name>
		<rotate>3</rotate>
		<centerX>-146</centerX>
		<centerY>-100</centerY>
		<mulrotate>1</mulrotate>
	</drawable>
	<drawable>
		<name>image2_9.png</name>
		<rotate>3</rotate>
		<centerX>-107</centerX>
		<centerY>-83</centerY>
		<mulrotate>7</mulrotate>
	</drawable>
	<drawable>
		<name>image2_10.png</name>
		<rotate>3</rotate>
		<centerX>-113</centerX>
		<centerY>-43</centerY>
		<mulrotate>7</mulrotate>
	</drawable>
	<drawable>
		<name>image2_11.png</name>
		<rotate>3</rotate>
		<centerX>-163</centerX>
		<centerY>-53</centerY>
		<mulrotate>6</mulrotate>
	</drawable>
	<drawable>
		<name>image2.png</name>
		<rotate>3</rotate>
		<centerX>-177</centerX>
		<centerY>-8</centerY>
		<mulrotate>12</mulrotate>
	</drawable>
	<drawable>
		<name>image14_1.png</name>
		<rotate>3</rotate>
		<centerX>-113</centerX>
		<centerY>37</centerY>
		<mulrotate>16</mulrotate>
	</drawable>
	<drawable>
		<name>image14_2.png</name>
		<rotate>3</rotate>
		<centerX>-192</centerX>
		<centerY>18</centerY>
		<mulrotate>16</mulrotate>
	</drawable>
	<drawable>
		<name>image16_1.png</name>
		<rotate>3</rotate>
		<centerX>-123</centerX>
		<centerY>-35</centerY>
		<mulrotate>42</mulrotate>
	</drawable>
	<drawable>
		<name>image16_2.png</name>
		<rotate>3</rotate>
		<centerX>-141</centerX>
		<centerY>-101</centerY>
		<mulrotate>42</mulrotate>
	</drawable>
	<drawable>
		<name>image16.png</name>
		<rotate>3</rotate>
		<centerX>-141</centerX>
		<centerY>116</centerY>
		<mulrotate>42</mulrotate>
	</drawable>
	<drawable>
		<name>image14.png</name>
		<rotate>3</rotate>
		<centerX>-142</centerX>
		<centerY>-41</centerY>
		<mulrotate>12</mulrotate>
	</drawable>
	<drawable>
		<name>image20.png</name>
	</drawable>
	<drawable>
		<name>digital1.xml</name>
		<arraytype>6</arraytype>
		<centerX>-144</centerX>
	</drawable>
	<drawable>
		<name>digital2.xml</name>
		<arraytype>12</arraytype>
		<centerX>-133</centerX>
		<centerY>22</centerY>
	</drawable>
	<drawable>
		<name>digital3.xml</name>
		<arraytype>5</arraytype>
		<centerX>-125</centerX>
		<centerY>-20</centerY>
	</drawable>
	<drawable>
		<name>digital4.xml</name>
		<arraytype>4</arraytype>
		<centerX>-158</centerX>
		<centerY>-38</centerY>
	</drawable>
	<drawable>
		<name>image21.png</name>
	</drawable>
	<drawable>
		<name>digital5.xml</name>
		<arraytype>13</arraytype>
		<centerX>-126</centerX>
		<centerY>40</centerY>
	</drawable>
	<drawable>
		<name>digital6.xml</name>
		<arraytype>3</arraytype>
		<centerX>-125</centerX>
		<centerY>-37</centerY>
	</drawable>
	<drawable>
		<name>digital7.xml</name>
		<arraytype>16</arraytype>
		<centerX>-161</centerX>
		<centerY>-20</centerY>
	</drawable>
	<drawable>
		<name>digital8.xml</name>
		<arraytype>9</arraytype>
		<centerX>-171</centerX>
		<centerY>16</centerY>
	</drawable>
	<drawable>
		<name>image22.png</name>
	</drawable>
	<drawable>
		<name>image27.png</name>
	</drawable>
	<drawable>
		<name>digital9.xml</name>
		<arraytype>14</arraytype>
		<centerX>-133</centerX>
		<centerY>63</centerY>
	</drawable>
	<drawable>
		<name>image23.png</name>
		<rotate>1</rotate>
		<mulrotate>1</mulrotate>
	</drawable>
	<drawable>
		<name>image24.png</name>
		<rotate>2</rotate>
		<mulrotate>1</mulrotate>
	</drawable>
	<drawable>
		<name>image25.png</name>
		<rotate>3</rotate>
		<mulrotate>1</mulrotate>
	</drawable>
	<drawable>
		<name>image26.png</name>
		<rotate>1</rotate>
		<mulrotate>1</mulrotate>
	</drawable>
<!--COMMENTED BY ClockSkinMaker
<metadata gui='rra' version='1.4.0.0'/>
-->
</clockskin>