<?xml version="1.0" encoding="utf-8"?>
<clockskin>
	<drawable>
		<name>image1.png</name>
	</drawable>
	<drawable>
		<name>digital1.xml</name>
		<arraytype>4</arraytype>
		<centerX>1</centerX>
		<centerY>129</centerY>
	</drawable>
	<drawable>
		<name>image2.png</name>
	</drawable>
	<drawable>
		<name>little hand-sh_1.png</name>
		<rotate>3</rotate>
		<centerX>-71</centerX>
		<centerY>-12</centerY>
		<mulrotate>2</mulrotate>
	</drawable>
	<drawable>
		<name>little hand_1.png</name>
		<rotate>3</rotate>
		<centerX>-74</centerX>
		<centerY>-16</centerY>
		<mulrotate>2</mulrotate>
	</drawable>
	<drawable>
		<name>dot_1.png</name>
		<centerX>-74</centerX>
		<centerY>-16</centerY>
	</drawable>
	<drawable>
		<name>little hand-sh_2.png</name>
		<rotate>3</rotate>
		<centerX>76</centerX>
		<centerY>-12</centerY>
		<mulrotate>6</mulrotate>
	</drawable>
	<drawable>
		<name>little hand_2.png</name>
		<rotate>3</rotate>
		<centerX>74</centerX>
		<centerY>-16</centerY>
		<mulrotate>6</mulrotate>
	</drawable>
	<drawable>
		<name>dot_2.png</name>
		<centerX>74</centerX>
		<centerY>-16</centerY>
	</drawable>
	<drawable>
		<name>little hand-sh.png</name>
		<rotate>6</rotate>
		<centerX>2</centerX>
		<centerY>86</centerY>
		<mulrotate>2</mulrotate>
	</drawable>
	<drawable>
		<name>little hand.png</name>
		<rotate>6</rotate>
		<centerX>-1</centerX>
		<centerY>83</centerY>
		<mulrotate>2</mulrotate>
	</drawable>
	<drawable>
		<name>dot.png</name>
		<centerX>-1</centerX>
		<centerY>83</centerY>
	</drawable>
	<drawable>
		<name>digital4.xml</name>
		<arraytype>5</arraytype>
	</drawable>
	<drawable>
		<name>hour-sh.png</name>
		<rotate>1</rotate>
		<centerX>3</centerX>
		<centerY>4</centerY>
	</drawable>
	<drawable>
		<name>hour.png</name>
		<rotate>1</rotate>
	</drawable>
	<drawable>
		<name>second-sh.png</name>
		<rotate>3</rotate>
		<centerX>5</centerX>
		<centerY>7</centerY>
	</drawable>
	<drawable>
		<name>minute-sh.png</name>
		<rotate>2</rotate>
		<centerX>4</centerX>
		<centerY>5</centerY>
	</drawable>
	<drawable>
		<name>minute.png</name>
		<rotate>2</rotate>
	</drawable>
	<drawable>
		<name>second.png</name>
		<rotate>3</rotate>
	</drawable>
	<drawable>
		<name>shadow.png</name>
	</drawable>
<!--COMMENTED BY ClockSkinMaker
<metadata gui='rra' version='2.0.0.2'/>
-->
</clockskin>