<clockskin>
    <drawable>
        <name>image1.png</name>
    </drawable>
    <drawable>
        <name>digital1.xml</name>
        <arraytype>6</arraytype>
        <centerX>55</centerX>
        <centerY>0</centerY>
    </drawable>
    <drawable>
        <name>digital2.xml</name>
        <arraytype>4</arraytype>
        <centerX>0</centerX>
        <centerY>-157</centerY>
    </drawable>
    <drawable>
        <name>digital3.xml</name>
        <arraytype>5</arraytype>
        <centerX>-100</centerX>
        <centerY>-100</centerY>
    </drawable>
    <drawable>
        <name>digital4.xml</name>
        <arraytype>3</arraytype>
        <centerX>100</centerX>
        <centerY>-100</centerY>
    </drawable>
    <drawable>
        <name>digital5.xml</name>
        <arraytype>11</arraytype>
        <centerX>-138</centerX>
        <centerY>27</centerY>
    </drawable>
    <drawable>
        <name>digital6.xml</name>
        <arraytype>10</arraytype>
        <centerX>-138</centerX>
        <centerY>-28</centerY>
    </drawable>
    <drawable>
        <name>digital7.xml</name>
        <arraytype>13</arraytype>
        <centerX>-100</centerX>
        <centerY>124</centerY>
    </drawable>
    <drawable>
        <name>digital8.xml</name>
        <arraytype>12</arraytype>
        <centerX>100</centerX>
        <centerY>124</centerY>
    </drawable>
    <drawable>
        <name>digital9.xml</name>
        <arraytype>9</arraytype>
        <centerX>153</centerX>
        <centerY>92</centerY>
    </drawable>
    <drawable>
        <name>digital10.xml</name>
        <arraytype>14</arraytype>
        <centerX>0</centerX>
        <centerY>125</centerY>
    </drawable>
    <drawable>
        <name>digital11.xml</name>
        <arraytype>14</arraytype>
        <centerX>400</centerX>
        <centerY>165</centerY>
    </drawable>
    <drawable>
        <rotate>3</rotate>
        <mulrotate>12</mulrotate>
        <centerX>-153</centerX>
        <centerY>92</centerY>
        <name>image2.png</name>
    </drawable>
</clockskin>
