<?xml version="1.0" encoding="utf-8"?>
<clockskin>
	<drawable>
		<name>SENCA.png</name>
	</drawable>
	<drawable>
		<name>10.png</name>
	</drawable>
	<drawable>
		<name>sencenje3.png</name>
	</drawable>
	<drawable>
		<name>DIGITAL TIME 3.png</name>
	</drawable>
	<drawable>
		<name>dan_1.xml</name>
		<arraytype>7</arraytype>
		<centerX>-35</centerX>
		<centerY>103</centerY>
	</drawable>
	<drawable>
		<name>dan_2.xml</name>
		<arraytype>8</arraytype>
		<centerX>25</centerX>
		<centerY>103</centerY>
	</drawable>
	<drawable>
		<name>dan.xml</name>
		<arraytype>4</arraytype>
		<centerX>87</centerX>
		<centerY>-3</centerY>
	</drawable>
	<drawable>
		<name>sencenje2.png</name>
	</drawable>
	<drawable>
		<name>stp.xml</name>
		<arraytype>12</arraytype>
		<centerX>-2</centerX>
		<centerY>73</centerY>
	</drawable>
	<drawable>
		<name>bat.xml</name>
		<arraytype>14</arraytype>
		<centerX>-76</centerX>
		<centerY>-3</centerY>
	</drawable>
	<drawable>
		<name>hart.xml</name>
		<arraytype>13</arraytype>
		<centerX>2</centerX>
		<centerY>-102</centerY>
	</drawable>
	<drawable>
		<name>digital14.xml</name>
		<arraytype>61</arraytype>
	</drawable>
	<drawable>
		<name>tedn.xml</name>
		<arraytype>5</arraytype>
	</drawable>
	<drawable>
		<name>digital16.xml</name>
		<arraytype>13</arraytype>
	</drawable>
	<drawable>
		<name>digital9.xml</name>
		<arraytype>12</arraytype>
		<centerX>400</centerX>
	</drawable>  
        <drawable>
		<name>OUT.xml</name>
		<arraytype>80</arraytype>        
	</drawable>
	<drawable>
		<name>DIGITAL TIME 3-ur.png</name>
		<rotate>1</rotate>
	</drawable>
	<drawable>
		<name>DIGITAL TIME 3-min.png</name>
		<rotate>2</rotate>
	</drawable>
	<drawable>
		<name>DIGITAL TIME 3-sek.png</name>
		<rotate>3</rotate>
	</drawable>  
       <drawable>
        <arraytype>100</arraytype>
        <centerX>75</centerX>
        <centerY>-90</centerY>
        <range>30</range>
        <cls>com.android.watchweather.MainNewActivity</cls>
        <pkg>com.android.watchweather</pkg>
    </drawable> 
     <drawable>
        <arraytype>100</arraytype>
        <centerX>-67</centerX>
        <centerY>-77</centerY>
        <range>30</range>
        <cls>com.google.android.maps.MapsActivity</cls>
        <pkg>com.google.android.apps.maps</pkg>
    </drawable> 
<!--COMMENTED BY ClockSkinMaker
<metadata gui='rra' version='2.0.0.2'/>
-->
</clockskin>