<?xml version="1.0" encoding="utf-8"?>
<drawables>
	<image>dan_num_0_2.png</image>
	<image>dan_num_1_2.png</image>
	<image>dan_num_2_2.png</image>
	<image>dan_num_3_2.png</image>
	<image>dan_num_4_2.png</image>
	<image>dan_num_5_2.png</image>
	<image>dan_num_6_2.png</image>
	<image>dan_num_7_2.png</image>
	<image>dan_num_8_2.png</image>
	<image>dan_num_9_2.png</image>
	<image>dan_num_minus_2.png</image>
<!--COMMENTED BY ClockSkinMaker
<metadata gui='rra' version='2.0.0.2' type='array_day' forecolor='C0C0C0' autoscale='1' font='Montroc Condensed' fontstyle='Bold' fontsize='29,85669'>
<content>0</content>
<content>1</content>
<content>2</content>
<content>3</content>
<content>4</content>
<content>5</content>
<content>6</content>
<content>7</content>
<content>8</content>
<content>9</content>
<content>/</content>
</metadata>
-->
</drawables>