<clockskin>
    <drawable>
        <name>image1.png</name>
    </drawable>
    <drawable>
        <name>b.xml</name>
	<arraytype>7</arraytype>
	<centerX>-200</centerX>
    </drawable>
    <drawable>
	<name>h.xml</name>
	<arraytype>7</arraytype>
	<centerX>200</centerX>
    </drawable>
    <drawable>
        <rotate>13</rotate>
        <rotatemode>2</rotatemode>
        <startAngle>0</startAngle>
        <angle>208</angle>
        <direction>1</direction>
        <mulrotate>1</mulrotate>
        <centerX>3</centerX>
        <centerY>3</centerY>
        <name>image2.png</name>
    </drawable>
    <drawable>
        <rotate>13</rotate>
        <rotatemode>2</rotatemode>
        <startAngle>0</startAngle>
        <angle>208</angle>
        <direction>1</direction>
        <mulrotate>1</mulrotate>
        <name>image3.png</name>
    </drawable>
    <drawable>
        <name>image4.png</name>
    </drawable>
</clockskin>
<!-- Created by G1NT0N1C -->

