<clockskin>
    <drawable>
        <name>image1.png</name>
    </drawable>
    <drawable>
        <rotate>6</rotate>
        <mulrotate>1</mulrotate>
        <centerX>-85</centerX>
        <centerY>0</centerY>
        <name>image2.png</name>
    </drawable>
    <drawable>
        <name>digital1.xml</name>
        <arraytype>7</arraytype>
        <centerX>-84</centerX>
        <centerY>-5</centerY>
    </drawable>
    <drawable>
        <name>digital2.xml</name>
        <arraytype>8</arraytype>
        <centerX>81</centerX>
        <centerY>-5</centerY>
    </drawable>
    <drawable>
        <rotate>0</rotate>
        <direction>2</direction>
        <mulrotate>0</mulrotate>
        <centerX>82</centerX>
        <centerY>0</centerY>
        <name>image3.png</name>
    </drawable>
    <drawable>
        <name>image4.png</name>
    </drawable>
    <drawable>
        <name>digital3.xml</name>
        <arraytype>4</arraytype>
        <centerX>0</centerX>
        <centerY>-175</centerY>
    </drawable>
    <drawable>
        <name>digital4.xml</name>
        <arraytype>3</arraytype>
        <centerX>0</centerX>
        <centerY>-143</centerY>
    </drawable>
</clockskin>
<!-- Created on WatchFace Designer 0.14.2 beta. -->
<!-- Exported for Universal Launcher -->
