<?xml version="1.0" encoding="utf-8"?>
<clockskin>
	<drawable>
		<name>Outsider2.png</name>
	</drawable>
	<drawable>
		<name>image1.png</name>
		<rotate>1</rotate>
	</drawable>
	<drawable>
		<name>image2.png</name>
		<rotate>1</rotate>
	</drawable>
	<drawable>
		<name>image3.png</name>
		<rotate>2</rotate>
	</drawable>
	<drawable>
		<name>image4.png</name>
		<rotate>2</rotate>
	</drawable>
	<drawable>
		<name>image6.png</name>
		<rotate>3</rotate>
	</drawable>
	<drawable>
		<name>Image5.png</name>
	</drawable>
<!--COMMENTED BY ClockSkinMaker
<metadata gui='rra' version='1.4.0.0'/>
-->
</clockskin>