<?xml version="1.0" encoding="utf-8"?>
<clockskin>
	<drawable>
		<name>Dishonor.png</name>
	</drawable>
	<drawable>
		<name>image6.png</name>
		<rotate>1</rotate>
	</drawable>
	<drawable>
		<name>image7.png</name>
		<rotate>1</rotate>
	</drawable>
	<drawable>
		<name>image8.png</name>
		<rotate>2</rotate>
	</drawable>
	<drawable>
		<name>image9.png</name>
		<rotate>2</rotate>
	</drawable>
	<drawable>
		<name>Rolex_Submarina_SEC_Zeiger_Black_red.png</name>
		<rotate>3</rotate>
	</drawable>
	<drawable>
		<name>Kappe_Black_8x8.png</name>
	</drawable>
<!--COMMENTED BY ClockSkinMaker
<metadata gui='rra' version='1.4.0.0'/>
-->
</clockskin>