<clockskin>
    <drawable>
        <name>animated_image_1.xml</name>
        <framerate>5.00000000000000</framerate>
    </drawable>
    <drawable>
        <name>animated_image_2.xml</name>
        <framerate>1.00000000000000</framerate>
    </drawable>
    <drawable>
        <name>image1.png</name>
    </drawable>
    <drawable>
        <rotate>1</rotate>
        <mulrotate>1</mulrotate>
        <name>image2.png</name>
    </drawable>
    <drawable>
        <rotate>2</rotate>
        <mulrotate>1</mulrotate>
        <name>image3.png</name>
    </drawable>
    <drawable>
        <name>image4.png</name>
    </drawable>
</clockskin>
