<?xml version="1.0" encoding="utf-8"?>
<clockskin>
	
        <drawable>
		<name>prb.png</name>
		<rotate>3</rotate>
		<centerX>111</centerX>
		<centerY>169</centerY>
		<angle>360</angle>
		<mulrotate>30</mulrotate>
	</drawable>
	<drawable>
		<name>prt.png</name>
		<rotate>3</rotate>
		<centerX>111</centerX>
		<centerY>169</centerY>
		<direction>2</direction>
		<mulrotate>30</mulrotate>
	</drawable>
	<drawable>
		<name>plb.png</name>
		<rotate>3</rotate>
		<centerX>-120</centerX>
		<centerY>169</centerY>
		<angle>360</angle>
		<mulrotate>30</mulrotate>
	</drawable>
	<drawable>
		<name>plt.png</name>
		<rotate>3</rotate>
		<centerX>-120</centerX>
		<centerY>169</centerY>
		<direction>2</direction>
		<mulrotate>30</mulrotate>
	</drawable>
        <drawable>
		<name>watch_dial.png</name>
	</drawable>
        <drawable>
  	  	<name>10Second_Array.xml</name>
		<centerX>200</centerX>
		<centerY>0</centerY>
 	   	<arraytype>9</arraytype>
  	</drawable>
        <drawable>
		<name>Second.png</name>
		<rotate>3</rotate>
                <centerX>0</centerX>
		<centerY>0</centerY>
	</drawable>
        <drawable>
		<name>6.png</name>
                <centerX>0</centerX>
		<centerY>0</centerY>
	</drawable>
        <drawable>
  	  	<name>10Second_Array_2.xml</name>
		<centerX>200</centerX>
		<centerY>0</centerY>
 	   	<arraytype>9</arraytype>
  	</drawable>
        <drawable>
	        <name>bat.png</name>
		<rotate>6</rotate>
                <centerX>95</centerX>
		<centerY>-45</centerY>
		<angle>-40</angle>
		<startAngle>50</startAngle>
		<direction>1</direction>
	</drawable>
        <drawable>
		<name>gear2.png</name>
		<rotate>3</rotate>
                <centerX>-103</centerX>
		<centerY>-43</centerY>
		<mulrotate>1</mulrotate>
	</drawable>
        <drawable>
	        <name>gear3.png</name>
		<rotate>3</rotate>
                <centerX>79</centerX>
		<centerY>-3</centerY>
		<mulrotate>12</mulrotate>
	</drawable>
        <drawable>
	        <name>dial.png</name>
                <centerX>0</centerX>
		<centerY>0</centerY>
	</drawable>
        <drawable>
		<name>clock_skin_hour.png</name>
		<rotate>1</rotate>
                <centerX>0</centerX>
		<centerY>-75</centerY>
	</drawable>
	<drawable>
		<name>clock_skin_minute.png</name>
		<rotate>2</rotate>
                <centerX>0</centerX>
		<centerY>-75</centerY>
	</drawable>
       
       

	<!--COMMENTED BY HYT
<metadata gui='rra' version='1.5.0.0'/>
-->
</clockskin>