<clockskin>
    <drawable>
        <name>image1.png</name>
    </drawable>
    <drawable>
        <name>digital1.xml</name>
        <arraytype>10</arraytype>
        <centerX>-117</centerX>
        <centerY>-20</centerY>
    </drawable>
    <drawable>
        <name>digital2.xml</name>
        <arraytype>11</arraytype>
        <centerX>-113</centerX>
        <centerY>31</centerY>
    </drawable>
    <drawable>
        <name>image2.png</name>
    </drawable>
    <drawable>
        <name>digital3.xml</name>
        <arraytype>14</arraytype>
        <centerX>62</centerX>
        <centerY>134</centerY>
    </drawable>
    <drawable>
        <name>image3.png</name>
    </drawable>
    <drawable>
        <name>digital4.xml</name>
        <arraytype>6</arraytype>
        <centerX>70</centerX>
        <centerY>-18</centerY>
    </drawable>
    <drawable>
        <name>digital5.xml</name>
        <arraytype>9</arraytype>
        <centerX>-68</centerX>
        <centerY>118</centerY>
    </drawable>
    <drawable>
        <name>digital6.xml</name>
        <arraytype>16</arraytype>
        <centerX>128</centerX>
        <centerY>40</centerY>
    </drawable>
    <drawable>
        <name>digital7.xml</name>
        <arraytype>3</arraytype>
        <centerX>48</centerX>
        <centerY>41</centerY>
    </drawable>
    <drawable>
        <name>digital8.xml</name>
        <arraytype>5</arraytype>
        <centerX>-16</centerX>
        <centerY>41</centerY>
    </drawable>
    <drawable>
        <name>digital9.xml</name>
        <arraytype>4</arraytype>
        <centerX>-69</centerX>
        <centerY>-101</centerY>
    </drawable>
    <drawable>
        <name>digital10.xml</name>
        <arraytype>12</arraytype>
        <centerX>92</centerX>
        <centerY>-95</centerY>
    </drawable>
    <drawable>
        <name>digital11.xml</name>
        <arraytype>13</arraytype>
        <centerX>85</centerX>
        <centerY>-136</centerY>
    </drawable>
    <drawable>
        <name>image4.png</name>
    </drawable>
</clockskin>
