<?xml version="1.0" encoding="utf-8"?>
<clockskin>
     <drawable>
	<name>animated_image_4.xml</name>
	<arraytype>62</arraytype>
	<centerX>0</centerX>
	<centerY>0</centerY>
    </drawable>
	<drawable>
        <name>animated_image_4.xml</name>
        <framerate>0</framerate>
	<centerX>0</centerX>
	<centerY>0</centerY>
    </drawable> 
	<drawable>
		<name>image .png</name>
	</drawable>
       <drawable>
		<name>image2.png</name>
	</drawable>
	<drawable>
		<name>kor.xml</name>
		<arraytype>12</arraytype>
		<centerX>57</centerX>
		<centerY>115</centerY>
	</drawable>
	<drawable>
		<name>km.xml</name>
		<arraytype>60</arraytype>
		<centerX>-83</centerX>
		<centerY>114</centerY>
	</drawable>
	<drawable>
		<name>ura2_1.xml</name>
		<arraytype>7</arraytype>
		<centerX>30</centerX>
		<centerY>-51</centerY>
	</drawable>
	<drawable>
		<name>ura2.xml</name>
		<arraytype>8</arraytype>
		<centerX>109</centerX>
		<centerY>-51</centerY>
	</drawable>
	<drawable>
		<name>bat.xml</name>
		<arraytype>14</arraytype>
		<centerX>60</centerX>
		<centerY>-139</centerY>
	</drawable>
	<drawable>
		<name>day.xml</name>
		<arraytype>4</arraytype>
		<centerX>44</centerX>
		<centerY>-15</centerY>
	</drawable>
	<drawable>
		<name>KCAL.xml</name>
		<arraytype>54</arraytype>
		<centerX>98</centerX>
		<centerY>64</centerY>
	</drawable>
	<drawable>
		<name>HART.xml</name>
		<arraytype>13</arraytype>
		<centerX>79</centerX>
		<centerY>26</centerY>
	</drawable>
	<drawable>
		<name>digital8.xml</name>
		<arraytype>12</arraytype>
	</drawable>
	<drawable>
		<name>digital9.xml</name>
		<arraytype>12</arraytype>
		<centerX>400</centerX>
	</drawable>
	<drawable>
		<name>digital1.xml</name>
		<arraytype>61</arraytype>
	</drawable>
	<drawable>
		<name>mes.xml</name>
		<arraytype>3</arraytype>
		<centerX>108</centerX>
		<centerY>-17</centerY>
	</drawable> 
        <drawable>
		<name>OUT.xml</name>
		<arraytype>80</arraytype>        
	</drawable>
<!--COMMENTED BY ClockSkinMaker
<metadata gui='rra' version='2.0.0.2'/>
-->
</clockskin>