<clockskin>
    <drawable>
        <name>image1.png</name>
    </drawable>
    <drawable>
        <name>image2.png</name>
        <rotate>3</rotate>
        <direction>2</direction>
        <mulrotate>3</mulrotate>
    </drawable>
    <drawable>
        <name>image3.png</name>
    </drawable>
    <drawable>
        <name>digital1.xml</name>
        <arraytype>11</arraytype>
        <centerX>-95</centerX>
        <centerY>-25</centerY>
    </drawable>
    <drawable>
        <name>digital2.xml</name>
        <arraytype>10</arraytype>
        <centerX>106</centerX>
        <centerY>-15</centerY>
    </drawable>
    <drawable>
        <name>digital3.xml</name>
        <arraytype>5</arraytype>
        <centerX>-106</centerX>
        <centerY>50</centerY>
    </drawable>
    <drawable>
        <name>digital4.xml</name>
        <arraytype>1</arraytype>
        <centerX>47</centerX>
        <centerY>50</centerY>
    </drawable>
    <drawable>
        <name>digital5.xml</name>
        <arraytype>12</arraytype>
        <centerX>-79</centerX>
        <centerY>-100</centerY>
    </drawable>
    <drawable>
        <name>digital6.xml</name>
        <arraytype>13</arraytype>
        <centerX>79</centerX>
        <centerY>-100</centerY>
    </drawable>
    <drawable>
        <name>image4.png</name>
    </drawable>
    <drawable>
        <name>digital7.xml</name>
        <arraytype>6</arraytype>
        <centerX>-51</centerX>
        <centerY>110</centerY>
    </drawable>
    <drawable>
        <name>digital8.xml</name>
        <arraytype>14</arraytype>
        <centerX>-32</centerX>
        <centerY>156</centerY>
    </drawable>
    <drawable>
        <name>digital9.xml</name>
        <arraytype>9</arraytype>
        <centerX>102</centerX>
        <centerY>110</centerY>
    </drawable>
    <drawable>
        <name>image5.png</name>
    </drawable>
    <drawable>
        <name>image6.png</name>
        <rotate>1</rotate>
        <mulrotate>1</mulrotate>
    </drawable>
    <drawable>
        <name>image7.png</name>
        <rotate>2</rotate>
        <mulrotate>1</mulrotate>
    </drawable>
    <drawable>
        <name>image8.png</name>
        <rotate>3</rotate>
        <direction>2</direction>
        <mulrotate>1</mulrotate>
    </drawable>
</clockskin>
