<clockskin>
    <drawable>
        <name>image1.png</name>
    </drawable>
    <drawable>
        <name>digital1.xml</name>
        <arraytype>7</arraytype>
        <centerX>150</centerX>
        <centerY>-40</centerY>
    </drawable>
    <drawable>
        <name>digital2.xml</name>
        <arraytype>8</arraytype>
        <centerX>150</centerX>
        <centerY>40</centerY>
    </drawable>
    <drawable>
        <arraytype>99</arraytype>
        <centerX>-35</centerX>
        <centerY>-167</centerY>
    </drawable>
    <drawable>
        <name>digital3.xml</name>
        <arraytype>5</arraytype>
        <centerX>129</centerX>
        <centerY>97</centerY>
    </drawable>
    <drawable>
        <name>digital4.xml</name>
        <arraytype>4</arraytype>
        <centerX>88</centerX>
        <centerY>73</centerY>
    </drawable>
    <drawable>
        <name>digital5.xml</name>
        <arraytype>14</arraytype>
        <centerX>129</centerX>
        <centerY>-85</centerY>
    </drawable>
</clockskin>
