<?xml version="1.0" encoding="utf-8"?>
<clockskin>
	<drawable>
		<name>Batt_Spectre_320.png</name>
		<rotate>6</rotate>
	</drawable>
	<drawable>
		<name>Army18_400.png</name>
	</drawable>
	<drawable>
		<name>num_array.xml</name>
		<arraytype>14</arraytype>
		<centerY>-112</centerY>
	</drawable>
	<drawable>
		<name>numH_array.xml</name>
		<arraytype>7</arraytype>
		<centerX>-86</centerX>
		<centerY>47</centerY>
	</drawable>
	<drawable>
		<name>numM_array.xml</name>
		<arraytype>8</arraytype>
		<centerX>-6</centerX>
		<centerY>47</centerY>
	</drawable>
	<drawable>
		<name>numS_array.xml</name>
		<arraytype>9</arraytype>
		<centerX>75</centerX>
		<centerY>47</centerY>
	</drawable>
	<drawable>
		<name>weather_array.xml</name>
		<arraytype>10</arraytype>
		<centerX>91</centerX>
		<centerY>-36</centerY>
	</drawable>
	<drawable>
		<name>temp_array.xml</name>
		<arraytype>11</arraytype>
		<centerX>84</centerX>
		<centerY>-72</centerY>
	</drawable>
	<drawable>
		<name>steps_array.xml</name>
		<arraytype>12</arraytype>
		<centerX>-90</centerX>
		<centerY>-26</centerY>
	</drawable>
	<drawable>
		<name>heart_array.xml</name>
		<arraytype>13</arraytype>
		<centerX>-83</centerX>
		<centerY>-72</centerY>
	</drawable>
	<drawable>
		<name>day_array.xml</name>
		<arraytype>4</arraytype>
		<centerX>-40</centerX>
		<centerY>96</centerY>
	</drawable>
	<drawable>
		<name>weekday_array.xml</name>
		<arraytype>5</arraytype>
		<centerX>-46</centerX>
		<centerY>119</centerY>
	</drawable>
	<drawable>
		<name>month_array.xml</name>
		<arraytype>3</arraytype>
		<centerX>43</centerX>
		<centerY>93</centerY>
	</drawable>
	<drawable>
		<name>year_array.xml</name>
		<arraytype>16</arraytype>
		<centerX>49</centerX>
		<centerY>117</centerY>
	</drawable>
	<drawable>
		<name>HourHand_Delta_400.png</name>
		<rotate>1</rotate>
	</drawable>
	<drawable>
		<name>MinuteHand_Delta_400.png</name>
		<rotate>2</rotate>
	</drawable>
<!--COMMENTED BY ClockSkinMaker
<metadata gui='rra' version='1.6.0.0'/>
-->
</clockskin>