<clockskin>
    <drawable>
        <name>image1.png</name>
    </drawable>
    <drawable>
        <name>animated_image_1.xml</name>
        <arraytype>62</arraytype>
    </drawable>
    <drawable>
        <name>animated_image_1_bf.xml</name>
        <arraytype>62</arraytype>
    </drawable>
    <drawable>
        <name>animated_image_2.xml</name>
        <arraytype>62</arraytype>
        <centerX>62</centerX>
        <centerY>144</centerY>
    </drawable>
    <drawable>
        <name>animated_image_2_bf.xml</name>
        <arraytype>62</arraytype>
    </drawable>
    <drawable>
        <name>image2.png</name>
    </drawable>
    <drawable>
        <arraytype>100</arraytype>
        <centerX>0</centerX>
        <centerY>-42</centerY>
        <range>70</range>
        <cls>org.chromium.webapk.shell_apk.MainActivity</cls>
        <pkg>org.chromium.webapk.a5f0bce8f95bdec45</pkg>
    </drawable>
    <drawable>
        <name>image3.png</name>
    </drawable>
    <drawable>
        <arraytype>100</arraytype>
        <centerX>-167</centerX>
        <centerY>0</centerY>
        <range>70</range>
        <cls>com.google.android.apps.googleassistant.AssistantActivity</cls>
        <pkg>com.google.android.apps.googleassistant</pkg>
    </drawable>
    <drawable>
        <arraytype>100</arraytype>
        <centerX>166</centerX>
        <centerY>0</centerY>
        <range>70</range>
        <cls>com.google.android.gm.ConversationListActivityGmail</cls>
        <pkg>com.google.android.gm</pkg>
    </drawable>
    <drawable>
        <arraytype>100</arraytype>
        <centerX>-22</centerX>
        <centerY>166</centerY>
        <range>70</range>
        <cls>com.google.android.apps.messaging.ui.ConversationListActivity</cls>
        <pkg>com.google.android.apps.messaging</pkg>
    </drawable>
    <drawable>
        <arraytype>100</arraytype>
        <centerX>-85</centerX>
        <centerY>144</centerY>
        <range>70</range>
        <cls>com.google.android.dialer.extensions.GoogleDialtactsActivity</cls>
        <pkg>com.google.android.dialer</pkg>
    </drawable>
    <drawable>
        <name>image4.png</name>
    </drawable>
    <drawable>
        <name>digital1.xml</name>
        <arraytype>9</arraytype>
        <centerX>0</centerX>
        <centerY>-171</centerY>
    </drawable>
    <drawable>
        <name>digital2.xml</name>
        <arraytype>7</arraytype>
        <centerX>-57</centerX>
        <centerY>-167</centerY>
    </drawable>
    <drawable>
        <name>digital3.xml</name>
        <arraytype>8</arraytype>
        <centerX>58</centerX>
        <centerY>-167</centerY>
    </drawable>
</clockskin>
<!-- Created on WatchFace Designer 0.14.2 beta -->
<!-- Exported for Android 7.1+ Stock ClockSkin Engine -->
