<?xml version="1.0" encoding="utf-8"?>
<clockskin>
	<drawable>
		<name>image1.png</name>
	</drawable>
	<drawable>
		<name>shadow2.png</name>
	</drawable>
	<drawable>
		<name>digital1.xml</name>
		<arraytype>5</arraytype>
		<centerY>-102</centerY>
	</drawable>
	<drawable>
		<name>image2.png</name>
	</drawable>
	<drawable>
		<name>digital2.xml</name>
		<arraytype>6</arraytype>
		<centerX>79</centerX>
		<centerY>-9</centerY>
	</drawable>
	<drawable>
		<name>image3.png</name>
	</drawable>
	<drawable>
		<name>digital3.xml</name>
		<arraytype>12</arraytype>
		<centerX>10</centerX>
		<centerY>102</centerY>
	</drawable>
	<drawable>
		<name>digital4.xml</name>
		<arraytype>2</arraytype>
		<centerX>-65</centerX>
	</drawable>
	<drawable>
		<name>BATTERY2.xml</name>
		<arraytype>14</arraytype>
	</drawable>
	<drawable>
		<name>image4.png</name>
	</drawable>
	<drawable>
		<name>hour-sh.png</name>
		<rotate>1</rotate>
		<centerX>3</centerX>
		<centerY>3</centerY>
	</drawable>
	<drawable>
		<name>hour.png</name>
		<rotate>1</rotate>
	</drawable>
	<drawable>
		<name>minute-sh.png</name>
		<rotate>2</rotate>
		<centerX>4</centerX>
		<centerY>4</centerY>
	</drawable>
	<drawable>
		<name>sec-sh.png</name>
		<rotate>3</rotate>
		<centerX>6</centerX>
		<centerY>6</centerY>
	</drawable>
	<drawable>
		<name>minute.png</name>
		<rotate>2</rotate>
	</drawable>
	<drawable>
		<name>sec.png</name>
		<rotate>3</rotate>
	</drawable>
	<drawable>
		<name>dot.png</name>
	</drawable>
	<drawable>
		<name>image8.png</name>
	</drawable>
<!--COMMENTED BY ClockSkinMaker
<metadata gui='rra' version='2.0.0.2'/>
-->
</clockskin>