<clockskin>
    <drawable>
        <name>image1.png</name>
    </drawable>
    <drawable>
        <name>digital1.xml</name>
        <arraytype>14</arraytype>
        <centerX>40</centerX>
        <centerY>153</centerY>
    </drawable>
    <drawable>
        <name>digital2.xml</name>
        <arraytype>6</arraytype>
        <centerX>70</centerX>
        <centerY>108</centerY>
    </drawable>
    <drawable>
        <name>digital3.xml</name>
        <arraytype>13</arraytype>
        <centerX>95</centerX>
        <centerY>132</centerY>
    </drawable>
    <drawable>
        <name>digital4.xml</name>
        <arraytype>6</arraytype>
        <centerX>-5</centerX>
        <centerY>-119</centerY>
    </drawable>
    <drawable>
        <name>digital5.xml</name>
        <arraytype>1</arraytype>
        <centerX>36</centerX>
        <centerY>-68</centerY>
    </drawable>
    <drawable>
        <name>digital6.xml</name>
        <arraytype>5</arraytype>
        <centerX>-72</centerX>
        <centerY>-68</centerY>
    </drawable>
    <drawable>
        <name>digital7.xml</name>
        <arraytype>10</arraytype>
        <centerX>132</centerX>
        <centerY>89</centerY>
    </drawable>
</clockskin>
