<?xml version="1.0" encoding="utf-8"?>
<clockskin>
	<drawable>
		<name>Kreis_Gold_u_Dunkelblau.png</name>
		<rotate>7</rotate>
	</drawable>
	<drawable>
		<name>Egypt_ziffernblatt schwarz_gold_mit_Öffnung_schatten.png</name>
		<centerX>-2</centerX>
		<centerY>-3</centerY>
	</drawable>
	<drawable>
		<name>Gold_Ring_schwarz_400x400.png</name>
	</drawable>
	<drawable>
		<name>Zeiger Gold_ 200x4.png</name>
		<rotate>1</rotate>
	</drawable>
	<drawable>
		<name>Zeiger Gold_ 200x4_1_1.png</name>
		<rotate>2</rotate>
	</drawable>
	<drawable>
		<name>Zeiger Gold_ 200x4_1.png</name>
		<rotate>3</rotate>
	</drawable>
	<drawable>
		<name>Mittelpunk_Gold_silber_12x12.png</name>
		<centerX>-1</centerX>
	</drawable>
	<drawable>
		<name>DAtum_Gold.xml</name>
		<arraytype>1</arraytype>
		<centerX>-96</centerX>
		<centerY>21</centerY>
	</drawable>
	<drawable>
		<name>Batt_Level_Gold.xml</name>
		<arraytype>14</arraytype>
		<centerX>-11</centerX>
		<centerY>93</centerY>
	</drawable>
	<drawable>
		<name>Weekday_gold.xml</name>
		<arraytype>5</arraytype>
		<centerX>73</centerX>
		<centerY>18</centerY>
	</drawable>
<!--COMMENTED BY ClockSkinMaker
<metadata gui='rra' version='1.4.0.0'/>
-->
</clockskin>