<clockskin>
    <drawable>
        <name>image1.png</name>
    </drawable>
    <drawable>
        <rotate>4</rotate>
        <mulrotate>1</mulrotate>
        <name>image2.png</name>
    </drawable>
    <drawable>
        <name>image3.png</name>
    </drawable>
    <drawable>
        <name>digital1.xml</name>
        <arraytype>9</arraytype>
        <centerX>-94</centerX>
        <centerY>15</centerY>
    </drawable>
    <drawable>
        <name>digital2.xml</name>
        <arraytype>9</arraytype>
        <centerX>306</centerX>
        <centerY>15</centerY>
    </drawable>
    <drawable>
        <name>digital3.xml</name>
        <arraytype>2</arraytype>
        <centerX>56</centerX>
        <centerY>-102</centerY>
    </drawable>
    <drawable>
        <name>digital4.xml</name>
        <arraytype>5</arraytype>
        <centerX>99</centerX>
        <centerY>-50</centerY>
    </drawable>
    <drawable>
        <name>digital5.xml</name>
        <arraytype>13</arraytype>
        <centerX>-27</centerX>
        <centerY>132</centerY>
    </drawable>
    <drawable>
        <name>digital6.xml</name>
        <arraytype>14</arraytype>
        <centerX>61</centerX>
        <centerY>132</centerY>
    </drawable>
    <drawable>
        <name>digital7.xml</name>
        <arraytype>12</arraytype>
        <centerX>-6</centerX>
        <centerY>99</centerY>
    </drawable>
    <drawable>
        <name>digital8.xml</name>
        <arraytype>6</arraytype>
        <centerX>-43</centerX>
        <centerY>0</centerY>
    </drawable>
    <drawable>
        <name>digital9.xml</name>
        <arraytype>11</arraytype>
        <centerX>-29</centerX>
        <centerY>-102</centerY>
    </drawable>
    <drawable>
        <name>digital10.xml</name>
        <arraytype>10</arraytype>
        <centerX>-87</centerX>
        <centerY>-103</centerY>
    </drawable>
    <drawable>
        <name>image4.png</name>
    </drawable>
    <drawable>
        <name>digital11.xml</name>
        <arraytype>16</arraytype>
        <centerX>0</centerX>
        <centerY>-139</centerY>
    </drawable>
    <drawable>
        <name>image5.png</name>
    </drawable>
    <drawable>
        <name>digital12.xml</name>
        <arraytype>19</arraytype>
        <centerX>106</centerX>
        <centerY>15</centerY>
    </drawable>
    <drawable>
        <name>image6.png</name>
    </drawable>
</clockskin>
