<?xml version="1.0" encoding="utf-8"?>
<drawables>
     <image>digital1_0.png</image>
     <image>digital1_1.png</image>
     <image>digital1_2.png</image>
     <image>digital1_3.png</image>
     <image>digital1_4.png</image>
     <image>digital1_5.png</image>
     <image>digital1_6.png</image>
     <image>digital1_7.png</image>
     <image>digital1_8.png</image>
     <image>digital1_9.png</image>
     <image>digital1_10.png</image>
     <image>digital1_11.png</image>
     <image>digital1_12.png</image>
     <image>digital1_13.png</image>
     <image>digital1_14.png</image>
     <image>digital1_15.png</image>
     <image>digital1_16.png</image>
     <image>digital1_17.png</image>
     <image>digital1_18.png</image>
     <image>digital1_19.png</image>
     <image>digital1_20.png</image>
     <image>digital1_21.png</image>
     <image>digital1_22.png</image>
     <image>digital1_23.png</image>
     <image>digital1_24.png</image>
     <image>digital1_25.png</image>
     <image>digital1_26.png</image>
     <image>digital1_27.png</image>
     <image>digital1_28.png</image>
     <image>digital1_29.png</image>
     <image>digital1_30.png</image>
     <image>digital1_31.png</image>
     <image>digital1_32.png</image>
     <image>digital1_33.png</image>
     <image>digital1_34.png</image>
     <image>digital1_35.png</image>
     <image>digital1_36.png</image>
     <image>digital1_37.png</image>
     <image>digital1_38.png</image>
     <image>digital1_39.png</image>
     <image>digital1_40.png</image>
     <image>digital1_41.png</image>
     <image>digital1_42.png</image>
     <image>digital1_43.png</image>
     <image>digital1_44.png</image>
     <image>digital1_45.png</image>
     <image>digital1_46.png</image>
</drawables>