<clockskin>
    <drawable>
        <name>image1.png</name>
    </drawable>
    <drawable>
        <name>digital1.xml</name>
        <arraytype>12</arraytype>
        <centerX>19</centerX>
        <centerY>82</centerY>
    </drawable>
    <drawable>
        <name>digital2.xml</name>
        <arraytype>13</arraytype>
        <centerX>25</centerX>
        <centerY>109</centerY>
    </drawable>
    <drawable>
        <name>digital3.xml</name>
        <arraytype>14</arraytype>
        <centerX>24</centerX>
        <centerY>137</centerY>
    </drawable>
    <drawable>
        <name>digital4.xml</name>
        <arraytype>19</arraytype>
        <centerX>-62</centerX>
        <centerY>123</centerY>
    </drawable>
    <drawable>
        <name>image2.png</name>
    </drawable>
    <drawable>
        <name>digital5.xml</name>
        <arraytype>10</arraytype>
        <centerX>63</centerX>
        <centerY>123</centerY>
    </drawable>
    <drawable>
        <rotate>1</rotate>
        <direction>1</direction>
        <mulrotate>1</mulrotate>
        <name>image3.png</name>
    </drawable>
    <drawable>
        <rotate>2</rotate>
        <direction>1</direction>
        <mulrotate>1</mulrotate>
        <name>image4.png</name>
    </drawable>
    <drawable>
        <rotate>3</rotate>
        <direction>1</direction>
        <mulrotate>1</mulrotate>
        <name>image5.png</name>
    </drawable>
    <drawable>
        <arraytype>100</arraytype>
        <centerX>-131</centerX>
        <centerY>3</centerY>
        <range>40</range>
        <cls>com.android.camera.CameraLauncher</cls>
        <pkg>com.mediatek.camera</pkg>
    </drawable>
    <drawable>
        <arraytype>100</arraytype>
        <centerX>-159</centerX>
        <centerY>90</centerY>
        <range>50</range> 
        <cls>com.google.android.apps.googleassistant.AssistantActivity</cls>
        <pkg>com.google.android.apps.googleassistant</pkg>
</drawable>
</clockskin>
<!-- Created on WatchFace Designer 0.14.2 beta -->
<!-- Exported for Android 7.1+ Stock ClockSkin Engine -->
