<clockskin>
    <drawable>
        <name>image1.png</name>
    </drawable>
    <drawable>
        <name>digital1.xml</name>
        <arraytype>5</arraytype>
        <centerX>-60</centerX>
        <centerY>0</centerY>
    </drawable>
    <drawable>
        <rotate>1</rotate>
        <direction>2</direction>
        <mulrotate>1</mulrotate>
        <name>image2.png</name>
    </drawable>
    <drawable>
        <rotate>2</rotate>
        <direction>2</direction>
        <mulrotate>1</mulrotate>
        <name>image3.png</name>
    </drawable>
    <drawable>
        <rotate>3</rotate>
        <direction>2</direction>
        <mulrotate>1</mulrotate>
        <name>image4.png</name>
    </drawable>
    <drawable>
        <name>image5.png</name>
    </drawable>
    <drawable>
        <name>digital2.xml</name>
        <arraytype>2</arraytype>
        <centerX>60</centerX>
        <centerY>0</centerY>
    </drawable>
    <drawable>
        <rotate>2</rotate>
        <direction>2</direction>
        <mulrotate>1</mulrotate>
        <name>image6.png</name>
    </drawable>
    <drawable>
        <rotate>3</rotate>
        <direction>2</direction>
        <mulrotate>1</mulrotate>
        <name>image7.png</name>
    </drawable>
    <drawable>
        <arraytype>100</arraytype>
        <centerX>60</centerX>
        <centerY>0</centerY>
        <range>40</range>
        <cls>ru.irk.ang.balsan.shortcuttorch.MainActivity</cls>
        <pkg>ru.irk.ang.balsan.shortcutled</pkg>
    </drawable>
    <drawable>
        <arraytype>100</arraytype>
        <centerX>-60</centerX>
        <centerY>0</centerY>
        <range>40</range>
        <cls>com.android.settings.Settings</cls>
        <pkg>com.android.settings</pkg>
    </drawable>
    <drawable>
        <arraytype>100</arraytype>
        <centerX>0</centerX>
        <centerY>-103</centerY>
        <range>40</range>
        <cls>com.android.camera.CameraLauncher</cls>
        <pkg>com.wiite.camera</pkg>
    </drawable>
    <drawable>
        <arraytype>100</arraytype>
        <centerX>0</centerX>
        <centerY>100</centerY>
        <range>40</range>
        <cls>se.brokenbrain.drawer.Drawer</cls>
        <pkg>se.brokenbrain.drawer</pkg>
    </drawable>
    <drawable>
        <name>digital3.xml</name>
        <arraytype>14</arraytype>
        <centerX>-54</centerX>
        <centerY>30</centerY>
    </drawable>
</clockskin>
<!-- Created on WatchFace Designer 0.14.2 beta -->
<!-- Exported for Android 7.1+ Stock ClockSkin Engine -->
