<clockskin>
    <drawable>
        <name>image1.png</name>
    </drawable>
    <drawable>
        <name>digital1.xml</name>
        <arraytype>7</arraytype>
        <centerX>-119</centerX>
        <centerY>-3</centerY>
    </drawable>
    <drawable>
        <name>digital2.xml</name>
        <arraytype>8</arraytype>
        <centerX>27</centerX>
        <centerY>-3</centerY>
    </drawable>
    <drawable>
        <name>digital3.xml</name>
        <arraytype>9</arraytype>
        <centerX>149</centerX>
        <centerY>19</centerY>
    </drawable>
    <drawable>
        <name>digital4.xml</name>
        <arraytype>14</arraytype>
        <centerX>-102</centerX>
        <centerY>108</centerY>
    </drawable>
    <drawable>
        <name>digital5.xml</name>
        <arraytype>4</arraytype>
        <centerX>59</centerX>
        <centerY>108</centerY>
    </drawable>
    <drawable>
        <name>digital6.xml</name>
        <arraytype>9</arraytype>
        <centerX>102</centerX>
        <centerY>-93</centerY>
    </drawable>
    <drawable>
        <name>digital7.xml</name>
        <arraytype>8</arraytype>
        <centerX>2</centerX>
        <centerY>-93</centerY>
    </drawable>
    <drawable>
        <name>digital8.xml</name>
        <arraytype>14</arraytype>
        <centerX>-27</centerX>
        <centerY>110</centerY>
    </drawable>
    <drawable>
        <name>digital9.xml</name>
        <arraytype>4</arraytype>
        <centerX>132</centerX>
        <centerY>110</centerY>
    </drawable>
    <drawable>
        <name>digital10.xml</name>
        <arraytype>7</arraytype>
        <centerX>-105</centerX>
        <centerY>-94</centerY>
    </drawable>
    <drawable>
        <name>image2.png</name>
    </drawable>
</clockskin>
