<?xml version="1.0" encoding="utf-8"?>
<clockskin>
	  <drawable>
		<name>OUT.xml</name>
		<arraytype>80</arraytype>        
	</drawable>
	<drawable>
		<name>Image 5.png</name>
	</drawable>
	<drawable>
		<name>image 3.png</name>
	</drawable>
	<drawable>
		<name>image0.png</name>
	</drawable>
        <drawable>
		<name>image11_1.png</name>
		<rotate>3</rotate>
		<centerX>-47</centerX>
		<centerY>-70</centerY>
		<direction>2</direction>
	</drawable>
	<drawable>
		<name>image10.png</name>
		<rotate>3</rotate>
		<direction>1</direction>
                <mulrotate>1</mulrotate>
	</drawable>
	<drawable>
		<name>image11.png</name>
		<rotate>3</rotate>
		<centerX>-45</centerX>
		<centerY>39</centerY>
		<direction>2</direction>
	</drawable>
	<drawable>
		<name>image12.png</name>
		<rotate>3</rotate>
		<centerX>-90</centerX>
		<centerY>55</centerY>
                <direction>1</direction>
		<mulrotate>3</mulrotate>
	</drawable>
	<drawable>
		<name>image 2.png</name>
	</drawable>
        <drawable>
		<name>sek.xml</name>
		<arraytype>9</arraytype>
		<centerX>-200</centerX>
	</drawable>
	<drawable>
		<name>image 4.png</name>
		<rotate>6</rotate>
		<centerX>48</centerX>
		<centerY>10</centerY>
		<mulrotate>-3</mulrotate>
	</drawable>
	<drawable>
		<name>month.xml</name>
		<arraytype>3</arraytype>
		<centerX>-110</centerX>
		<centerY>20</centerY>
	</drawable>
	<drawable>
		<name>Rmin_1.png</name>
		<rotate>1</rotate>
	</drawable>
	<drawable>
		<name>Rmin.png</name>
		<rotate>2</rotate>
	</drawable>
	<drawable>
		<name>digital15_1.xml</name>
		<arraytype>9</arraytype>
		<centerX>-200</centerX>
	</drawable>
	<drawable>
		<name>digital16.xml</name>
		<arraytype>9</arraytype>
		<centerX>200</centerX>
	</drawable>
	<drawable>
		<name>digital3_1.xml</name>
		<arraytype>12</arraytype>
		<centerX>412</centerX>
		<centerY>112</centerY>
	</drawable>
	<drawable>
		<name>digital3_2.xml</name>
		<arraytype>12</arraytype>
		<centerX>29</centerX>
		<centerY>105</centerY>
	</drawable>
	<drawable>
		<name>digital3_3.xml</name>
		<arraytype>12</arraytype>
		<centerX>-354</centerX>
		<centerY>97</centerY>
	</drawable>
	<drawable>
		<name>digital3.xml</name>
		<arraytype>12</arraytype>
		<centerX>-738</centerX>
		<centerY>88</centerY>
	</drawable>
	<drawable>
		<name>digital8.xml</name>
		<arraytype>12</arraytype>
	</drawable>
	<drawable>
		<name>digital9.xml</name>
		<arraytype>12</arraytype>
		<centerX>400</centerX>
	</drawable>
	<drawable>
		<name>day.xml</name>
		<arraytype>4</arraytype>
		<centerX>-111</centerX>
		<centerY>-7</centerY>
	</drawable>
        <drawable>
        <arraytype>100</arraytype>
        <centerX>0</centerX>
        <centerY>-87</centerY>
        <range>30</range>
        <cls>com.android.watchweather.MainNewActivity</cls>
        <pkg>com.android.watchweather</pkg>
    </drawable> 
     <drawable>
        <arraytype>100</arraytype>
        <centerX>59</centerX>
        <centerY>-42</centerY>
        <range>30</range>
        <cls>com.google.android.maps.MapsActivity</cls>
        <pkg>com.google.android.apps.maps</pkg>
    </drawable>
    <drawable>
        <arraytype>100</arraytype>
        <centerX>32</centerX>
        <centerY>-71</centerY>
        <range>35</range>
        <cls>bp.wt.com.androidp_contacts.activity.MainContactsActivity</cls>
        <pkg>com.wiite.dbf.androidp_contacts</pkg>
    </drawable>
<!--COMMENTED BY ClockSkinMaker
<metadata gui='rra' version='2.0.0.2'/>
-->
</clockskin>