<clockskin>
    <drawable>
        <name>image1.png</name>
    </drawable>
    <drawable>
        <name>image2.png</name>
        <rotate>3</rotate>
        <mulrotate>1</mulrotate>
        <centerX>63</centerX>
        <centerY>71</centerY>
    </drawable>
    <drawable>
        <name>image3.png</name>
        <rotate>3</rotate>
        <direction>2</direction>
        <mulrotate>20</mulrotate>
        <centerX>26</centerX>
        <centerY>-53</centerY>
    </drawable>
    <drawable>
        <name>image4.png</name>
        <rotate>3</rotate>
        <direction>2</direction>
        <mulrotate>3</mulrotate>
        <centerX>-45</centerX>
        <centerY>-67</centerY>
    </drawable>
    <drawable>
        <name>image5.png</name>
        <rotate>3</rotate>
        <mulrotate>40</mulrotate>
        <centerX>-30</centerX>
        <centerY>93</centerY>
    </drawable>
    <drawable>
        <name>image6.png</name>
        <rotate>3</rotate>
        <direction>2</direction>
        <mulrotate>1</mulrotate>
        <centerX>-45</centerX>
        <centerY>0</centerY>
    </drawable>
    <drawable>
        <name>image7.png</name>
    </drawable>
    <drawable>
        <name>image8.png</name>
        <rotate>5</rotate>
        <mulrotate>1</mulrotate>
        <centerX>100</centerX>
        <centerY>0</centerY>
    </drawable>
    <drawable>
        <name>image9.png</name>
        <rotate>7</rotate>
        <mulrotate>1</mulrotate>
        <centerX>-100</centerX>
        <centerY>0</centerY>
    </drawable>
    <drawable>
        <name>image10.png</name>
        <rotate>6</rotate>
        <mulrotate>2</mulrotate>
        <centerX>0</centerX>
        <centerY>100</centerY>
    </drawable>
    <drawable>
        <name>image11.png</name>
    </drawable>
    <drawable>
        <name>digital1.xml</name>
        <arraytype>4</arraytype>
        <centerX>101</centerX>
        <centerY>100</centerY>
    </drawable>
    <drawable>
        <name>digital2.xml</name>
        <arraytype>3</arraytype>
        <centerX>-100</centerX>
        <centerY>100</centerY>
    </drawable>
    <drawable>
        <name>image12.png</name>
    </drawable>
    <drawable>
        <name>digital3.xml</name>
        <arraytype>6</arraytype>
        <centerX>-37</centerX>
        <centerY>-125</centerY>
    </drawable>
    <drawable>
        <name>digital4.xml</name>
        <arraytype>9</arraytype>
        <centerX>75</centerX>
        <centerY>-125</centerY>
    </drawable>
    <drawable>
        <name>image13.png</name>
        <rotate>1</rotate>
        <mulrotate>1</mulrotate>
    </drawable>
    <drawable>
        <name>image14.png</name>
        <rotate>2</rotate>
        <mulrotate>1</mulrotate>
    </drawable>
    <drawable>
        <name>image15.png</name>
        <rotate>3</rotate>
        <direction>2</direction>
        <mulrotate>1</mulrotate>
    </drawable>
</clockskin>
