<?xml version="1.0" encoding="utf-8"?>
<drawables>
     <image>digital5_0.png</image>
     <image>digital5_0.png</image>
     <image>digital5_0.png</image>
     <image>digital5_0.png</image>
     <image>digital5_0.png</image>
     <image>digital5_0.png</image>
     <image>digital5_0.png</image>
     <image>digital5_0.png</image>
     <image>digital5_0.png</image>
     <image>digital5_0.png</image>
     <image>digital5_10.png</image>
     <image>digital5_11.png</image>
     <image>digital5_12.png</image>
</drawables>
