<?xml version="1.0" encoding="utf-8"?>
<clockskin>
	<drawable>
		<name>panel-back.png</name>
	</drawable>
	<drawable>
		<arraytype>99</arraytype>
		<centerY>94</centerY>
	</drawable>
	<drawable>
		<name>panel-1.png</name>
	</drawable>
	<drawable>
		<name>day.xml</name>
		<arraytype>4</arraytype>
		<centerX>1</centerX>
		<centerY>130</centerY>
	</drawable>
	<drawable>
		<name>weekday.xml</name>
		<arraytype>5</arraytype>
		<centerY>-43</centerY>
	</drawable>
	<drawable>
		<name>hand-sec-sml.png</name>
		<rotate>3</rotate>
		<centerX>-77</centerX>
		<centerY>-20</centerY>
		<mulrotate>10</mulrotate>
	</drawable>
	<drawable>
		<name>hand-sec-sml-1.png</name>
		<rotate>3</rotate>
		<centerX>77</centerX>
		<centerY>-20</centerY>
		<mulrotate>6</mulrotate>
	</drawable>
	<drawable>
		<name>hand-batt.png</name>
		<rotate>6</rotate>
		<centerY>75</centerY>
		<mulrotate>2</mulrotate>
	</drawable>
	<drawable>
		<name>hand-hour-1.png</name>
		<rotate>1</rotate>
	</drawable>
	<drawable>
		<name>hand-minute-1.png</name>
		<rotate>2</rotate>
	</drawable>
	<drawable>
		<name>hand-second-1-s.png</name>
		<rotate>10</rotate>
	</drawable>
	<drawable>
		<name>hand-second-1.png</name>
		<rotate>3</rotate>
	</drawable>
<!--COMMENTED BY ClockSkinMaker
<metadata gui='rra' version='1.6.0.0'/>
-->
</clockskin>