<clockskin>
    <drawable>
        <name>image1.png</name>
    </drawable>
    <drawable>
        <name>digital1.xml</name>
        <arraytype>14</arraytype>
        <centerX>-200</centerX>
        <centerY>0</centerY>
    </drawable>
    <drawable>
        <name>digital2.xml</name>
        <arraytype>6</arraytype>
        <centerX>3</centerX>
        <centerY>141</centerY>
    </drawable>
<drawable>
        <name>animated_image_1.xml</name>
        <arraytype>62</arraytype>
        <centerX>-60</centerX>
        <centerY>6</centerY>
    </drawable> 
    <drawable>
        <name>animated_image_1.xml</name>
        <arraytype>62</arraytype>
        <centerX>-60</centerX>
        <centerY>6</centerY>
    </drawable>
    <drawable>
        <name>animated_image_1.xml</name>
        <framerate>10.00000000000000</framerate>
        <centerX>-60</centerX>
        <centerY>6</centerY>
    </drawable>
<drawable>
        <arraytype>100</arraytype>
        <centerX>0</centerX>
        <centerY>0</centerY>
        <range>30</range>
        <cls>com.android.dialer.DialtactsWearActivity</cls>
        <pkg>com.android.dialer</pkg>
    </drawable>
<drawable>
	<arraytype>100</arraytype>
	<centerX>-50</centerX>
	<centerY>0</centerY>
	<range>30</range>
	<cls>com.google.android.apps.googleassistant.AssistantActivity</cls>
	<pkg>com.google.android.apps.googleassistant</pkg>
    </drawable>
<drawable>
	<arraytype>100</arraytype>
	<centerX>-150</centerX>
	<centerY>0</centerY>
	<range>30</range>
	<cls>com.whatsapp.Main</cls>
	<pkg>com.whatsapp</pkg>
    </drawable>
<drawable>
	<arraytype>100</arraytype>
	<centerX>50</centerX>
	<centerY>0</centerY>
	<range>30</range>
	<cls>it.nimarsolutions.rungpstracker.SplashActivity</cls>
	<pkg>it.nimarsolutions.rungpstracker</pkg>
    </drawable>
<drawable>
	<arraytype>100</arraytype>
	<centerX>150</centerX>
	<centerY>0</centerY>
	<range>30</range>
	<cls>com.google.android.gm.ConversationListActivityGmail</cls>
	<pkg>com.google.android.gm</pkg>
    </drawable>
<drawable>
	<arraytype>100</arraytype>
	<centerX>-50</centerX>
	<centerY>80</centerY>
	<range>30</range>
	<cls>com.lumaticsoft.watchdroidassistant.WDPP</cls>
	<pkg>com.lumaticsoft.watchdroidassistant</pkg>
    </drawable>
<drawable>
	<arraytype>100</arraytype>
	<centerX>-150</centerX>
	<centerY>80</centerY>
	<range>30</range>
	<cls>com.google.android.youtube.app.honeycomb.Shell$HomeActivity</cls>
	<pkg>com.google.android.youtube</pkg>
    </drawable>
<drawable>
	<arraytype>100</arraytype>
	<centerX>150</centerX>
	<centerY>80</centerY>
	<range>30</range>
	<cls>com.google.android.googlequicksearchbox.SearchActivity</cls>
	<pkg>com.google.android.googlequicksearchbox</pkg>
    </drawable>
<drawable>
	<arraytype>100</arraytype>
	<centerX>50</centerX>
	<centerY>80</centerY>
	<range>30</range>
	<cls>com.android.mms.ui.BootActivity</cls>
        <pkg>com.android.mms</pkg>
    </drawable>
</clockskin>
