<?xml version="1.0" encoding="utf-8"?>
<drawables>
     <image>animation_1_0.png</image>
     <image>animation_1_1.png</image>
     <image>animation_1_0.png</image>
     <image>animation_1_1.png</image>
     <image>animation_1_0.png</image>
     <image>animation_1_1.png</image>
     <image>animation_1_0.png</image>
     <image>animation_1_1.png</image>
     <image>animation_1_0.png</image>
     <image>animation_1_1.png</image>
     <image>animation_1_0.png</image>
     <image>animation_1_1.png</image>
     <image>animation_1_0.png</image>
     <image>animation_1_1.png</image>
     <image>animation_1_0.png</image>
     <image>animation_1_1.png</image>
     <image>animation_1_0.png</image>
     <image>animation_1_1.png</image>
     <image>animation_1_0.png</image>
     <image>animation_1_1.png</image>
     <image>animation_1_0.png</image>
     <image>animation_1_1.png</image>
     <image>animation_1_0.png</image>
     <image>animation_1_1.png</image>
     <image>animation_1_0.png</image>
     <image>animation_1_1.png</image>
     <image>animation_1_0.png</image>
     <image>animation_1_1.png</image>
     <image>animation_1_0.png</image>
     <image>animation_1_1.png</image>
     <image>animation_1_0.png</image>
     <image>animation_1_1.png</image>
     <image>animation_1_32.png</image>
     <image>animation_1_33.png</image>
     <image>animation_1_34.png</image>
     <image>animation_1_35.png</image>
     <image>animation_1_36.png</image>
     <image>animation_1_35.png</image>
     <image>animation_1_36.png</image>
     <image>animation_1_35.png</image>
     <image>animation_1_40.png</image>
     <image>animation_1_41.png</image>
     <image>animation_1_42.png</image>
     <image>animation_1_35.png</image>
     <image>animation_1_36.png</image>
     <image>animation_1_45.png</image>
     <image>animation_1_46.png</image>
     <image>animation_1_47.png</image>
     <image>animation_1_48.png</image>
     <image>animation_1_49.png</image>
     <image>animation_1_50.png</image>
     <image>animation_1_35.png</image>
     <image>animation_1_36.png</image>
     <image>animation_1_35.png</image>
     <image>animation_1_36.png</image>
     <image>animation_1_35.png</image>
     <image>animation_1_36.png</image>
     <image>animation_1_35.png</image>
     <image>animation_1_36.png</image>
     <image>animation_1_35.png</image>
     <image>animation_1_36.png</image>
     <image>animation_1_35.png</image>
     <image>animation_1_36.png</image>
     <image>animation_1_35.png</image>
     <image>animation_1_36.png</image>
     <image>animation_1_35.png</image>
     <image>animation_1_66.png</image>
     <image>animation_1_67.png</image>
     <image>animation_1_68.png</image>
     <image>animation_1_69.png</image>
     <image>animation_1_68.png</image>
     <image>animation_1_71.png</image>
     <image>animation_1_72.png</image>
     <image>animation_1_73.png</image>
     <image>animation_1_74.png</image>
     <image>animation_1_75.png</image>
     <image>animation_1_76.png</image>
     <image>animation_1_77.png</image>
     <image>animation_1_78.png</image>
     <image>animation_1_79.png</image>
     <image>animation_1_80.png</image>
     <image>animation_1_81.png</image>
     <image>animation_1_82.png</image>
     <image>animation_1_83.png</image>
     <image>animation_1_84.png</image>
     <image>animation_1_83.png</image>
     <image>animation_1_84.png</image>
     <image>animation_1_83.png</image>
     <image>animation_1_84.png</image>
     <image>animation_1_83.png</image>
     <image>animation_1_84.png</image>
     <image>animation_1_83.png</image>
     <image>animation_1_84.png</image>
     <image>animation_1_93.png</image>
     <image>animation_1_94.png</image>
     <image>animation_1_95.png</image>
     <image>animation_1_96.png</image>
     <image>animation_1_97.png</image>
     <image>animation_1_98.png</image>
     <image>animation_1_99.png</image>
     <image>animation_1_100.png</image>
     <image>animation_1_101.png</image>
     <image>animation_1_102.png</image>
     <image>animation_1_103.png</image>
     <image>animation_1_104.png</image>
     <image>animation_1_103.png</image>
     <image>animation_1_104.png</image>
     <image>animation_1_103.png</image>
     <image>animation_1_104.png</image>
     <image>animation_1_103.png</image>
     <image>animation_1_110.png</image>
     <image>animation_1_111.png</image>
     <image>animation_1_112.png</image>
     <image>animation_1_113.png</image>
     <image>animation_1_114.png</image>
     <image>animation_1_113.png</image>
     <image>animation_1_114.png</image>
     <image>animation_1_113.png</image>
     <image>animation_1_114.png</image>
     <image>animation_1_113.png</image>
     <image>animation_1_114.png</image>
     <image>animation_1_113.png</image>
     <image>animation_1_122.png</image>
     <image>animation_1_123.png</image>
     <image>animation_1_124.png</image>
     <image>animation_1_123.png</image>
     <image>animation_1_124.png</image>
     <image>animation_1_123.png</image>
     <image>animation_1_124.png</image>
     <image>animation_1_123.png</image>
     <image>animation_1_124.png</image>
     <image>animation_1_123.png</image>
     <image>animation_1_132.png</image>
     <image>animation_1_133.png</image>
     <image>animation_1_134.png</image>
     <image>animation_1_135.png</image>
     <image>animation_1_136.png</image>
     <image>animation_1_123.png</image>
     <image>animation_1_124.png</image>
     <image>animation_1_139.png</image>
</drawables>
