<clockskin>
    <drawable>
        <name>animated_image_1.xml</name>
        <arraytype>62</arraytype>
        <centerX>55</centerX>
        <centerY>-3</centerY>
    </drawable>
    <drawable>
        <name>animated_image_1_bf.xml</name>
        <arraytype>62</arraytype>
    </drawable>
    <drawable>
        <name>image1.png</name>
    </drawable>
    <drawable>
        <arraytype>100</arraytype>
        <centerX>-166</centerX>
        <centerY>0</centerY>
        <range>50</range>
        <cls>com.android.documentsui.LauncherActivity</cls>
        <pkg>com.android.documentsui</pkg>
    </drawable>
    <drawable>
        <arraytype>100</arraytype>
        <centerX>168</centerX>
        <centerY>0</centerY>
        <range>50</range>
        <cls>com.google.android.gm.ConversationListActivityGmail</cls>
        <pkg>com.google.android.gm</pkg>
    </drawable>
    <drawable>
        <arraytype>100</arraytype>
        <centerX>-85</centerX>
        <centerY>144</centerY>
        <range>50</range>
        <cls>com.android.gallery3d.app.GalleryActivity</cls>
        <pkg>com.android.gallery3d</pkg>
    </drawable>
    <drawable>
        <arraytype>100</arraytype>
        <centerX>145</centerX>
        <centerY>82</centerY>
        <range>50</range>
        <cls>com.google.android.maps.MapsActivity</cls>
        <pkg>com.google.android.apps.maps</pkg>
    </drawable>
    <drawable>
        <arraytype>100</arraytype>
        <centerX>0</centerX>
        <centerY>167</centerY>
        <range>50</range>
        <cls>com.google.android.dialer.extensions.GoogleDialtactsActivity</cls>
        <pkg>com.google.android.dialer</pkg>
    </drawable>
    <drawable>
        <arraytype>100</arraytype>
        <centerX>83</centerX>
        <centerY>147</centerY>
        <range>50</range>
        <cls>com.android.heart.MainActivity</cls>
        <pkg>com.android.heart</pkg>
    </drawable>
    <drawable>
        <arraytype>100</arraytype>
        <centerX>-143</centerX>
        <centerY>84</centerY>
        <range>50</range>
        <cls>com.google.android.apps.messaging.ui.ConversationListActivity</cls>
        <pkg>com.google.android.apps.messaging</pkg>
    </drawable>
    <drawable>
        <arraytype>100</arraytype>
        <centerX>0</centerX>
        <centerY>-167</centerY>
        <range>50</range>
        <cls>com.android.settings.Settings</cls>
        <pkg>com.android.settings</pkg>
    </drawable>
    <drawable>
        <arraytype>100</arraytype>
        <centerX>-84</centerX>
        <centerY>-145</centerY>
        <range>50</range>
        <cls>com.android.camera.CameraLauncher</cls>
        <pkg>com.wiite.camera</pkg>
    </drawable>
    <drawable>
        <arraytype>100</arraytype>
        <centerX>-143</centerX>
        <centerY>-84</centerY>
        <range>50</range>
        <cls>com.google.android.apps.chrome.Main</cls>
        <pkg>com.android.chrome</pkg>
    </drawable>
    <drawable>
        <arraytype>100</arraytype>
        <centerX>82</centerX>
        <centerY>-147</centerY>
        <range>50</range>
        <cls>com.whatsapp.Main</cls>
        <pkg>com.whatsapp</pkg>
    </drawable>
    <drawable>
        <arraytype>100</arraytype>
        <centerX>144</centerX>
        <centerY>-86</centerY>
        <range>40</range>
        <cls>com.google.android.apps.googleassistant.AssistantActivity</cls>
        <pkg>com.google.android.apps.googleassistant</pkg>
    </drawable>
    <drawable>
        <name>image2.png</name>
    </drawable>
    <drawable>
        <arraytype>100</arraytype>
        <centerX>0</centerX>
        <centerY>75</centerY>
        <range>40</range>
        <cls>org.chromium.webapk.shell_apk.h2o.H2OOpaqueMainActivity</cls>
        <pkg>org.chromium.webapk.a5f0bce8f95bdec45</pkg>
    </drawable>
    <drawable>
        <rotate>1</rotate>
        <direction>1</direction>
        <mulrotate>1</mulrotate>
        <name>image3.png</name>
    </drawable>
    <drawable>
        <rotate>2</rotate>
        <direction>1</direction>
        <mulrotate>1</mulrotate>
        <name>image4.png</name>
    </drawable>
    <drawable>
        <rotate>3</rotate>
        <direction>1</direction>
        <mulrotate>1</mulrotate>
        <name>image5.png</name>
    </drawable>
</clockskin>
<!-- Created on WatchFace Designer 0.14.2 beta -->
<!-- Exported for Android 7.1+ Stock ClockSkin Engine -->
