<clockskin>
    <drawable>
        <name>image1.png</name>
    </drawable>
    <drawable>
        <name>digital1.xml</name>
        <arraytype>6</arraytype>
        <centerX>-39</centerX>
        <centerY>-1</centerY>
    </drawable>
    <drawable>
        <name>digital2.xml</name>
        <arraytype>9</arraytype>
        <centerX>100</centerX>
        <centerY>-18</centerY>
    </drawable>
    <drawable>
        <name>digital3.xml</name>
        <arraytype>4</arraytype>
        <centerX>100</centerX>
        <centerY>19</centerY>
    </drawable>
    <drawable>
        <name>digital4.xml</name>
        <arraytype>13</arraytype>
        <centerX>-77</centerX>
        <centerY>76</centerY>
    </drawable>
    <drawable>
        <name>digital5.xml</name>
        <arraytype>14</arraytype>
        <centerX>-43</centerX>
        <centerY>119</centerY>
    </drawable>
    <drawable>
        <name>digital6.xml</name>
        <arraytype>51</arraytype>
        <centerX>45</centerX>
        <centerY>119</centerY>
    </drawable>
    <drawable>
        <name>digital7.xml</name>
        <arraytype>12</arraytype>
        <centerX>-80</centerX>
        <centerY>-60</centerY>
    </drawable>
    <drawable>
        <name>digital8.xml</name>
        <arraytype>54</arraytype>
        <centerX>84</centerX>
        <centerY>-60</centerY>
    </drawable>
    <drawable>
        <name>digital9.xml</name>
        <arraytype>60</arraytype>
        <centerX>88</centerX>
        <centerY>76</centerY>
    </drawable>
    <drawable>
        <name>digital10.xml</name>
        <arraytype>11</arraytype>
        <centerX>35</centerX>
        <centerY>-110</centerY>
    </drawable>
    <drawable>
        <name>digital11.xml</name>
        <arraytype>10</arraytype>
        <centerX>-44</centerX>
        <centerY>-113</centerY>
    </drawable>
    <drawable>
        <name>digital12.xml</name>
        <arraytype>5</arraytype>
        <centerX>0</centerX>
        <centerY>2</centerY>
    </drawable>
    <drawable>
        <name>digital13.xml</name>
        <arraytype>3</arraytype>
    </drawable>
    <drawable>
        <name>image2.png</name>
    </drawable>
</clockskin>
<!-- Created on WatchFace Designer 0.14.2 beta -->
<!-- Exported for Android 7.1+ Stock ClockSkin Engine -->
