<?xml version="1.0" encoding="utf-8"?>
<clockskin>
	<drawable>
		<name>2.png</name>
		<centerX>-3</centerX>
	</drawable>
	<drawable>
		<name>image2_1.png</name>
		<centerX>-110</centerX>
		<centerY>-48</centerY>
	</drawable>
	<drawable>
		<name>image2_2.png</name>
		<centerX>-47</centerX>
		<centerY>-47</centerY>
	</drawable>
	<drawable>
		<name>DAY VISION.png</name>
	</drawable>
	<drawable>
		<name>image2_3.png</name>
		<centerX>42</centerX>
		<centerY>-47</centerY>
	</drawable>
	<drawable>
		<name>digital15_1_1.xml</name>
		<arraytype>7</arraytype>
		<centerX>-246</centerX>
		<centerY>-50</centerY>
	</drawable>
	<drawable>
		<name>digital15_2.xml</name>
		<arraytype>7</arraytype>
		<centerX>89</centerX>
		<centerY>-50</centerY>
	</drawable>
	<drawable>
		<name>image2.png</name>
		<centerX>111</centerX>
		<centerY>-47</centerY>
	</drawable>
	<drawable>
		<name>digital15_3.xml</name>
		<arraytype>8</arraytype>
		<centerX>-88</centerX>
		<centerY>-50</centerY>
	</drawable>
	<drawable>
		<name>digital15.xml</name>
		<arraytype>8</arraytype>
		<centerX>242</centerX>
		<centerY>-50</centerY>
	</drawable>
	<drawable>
		<name>hm_1_1_1.xml</name>
		<arraytype>12</arraytype>
		<centerX>11</centerX>
		<centerY>38</centerY>
	</drawable>
	<drawable>
		<name>hm.xml</name>
		<arraytype>4</arraytype>
		<centerX>-2</centerX>
		<centerY>-133</centerY>
	</drawable>
	<drawable>
		<name>hm_1.xml</name>
		<arraytype>14</arraytype>
		<centerX>-97</centerX>
		<centerY>28</centerY>
	</drawable>
	<drawable>
		<name>MATVEYAN3.png</name>
	</drawable>
	<drawable>
		<name>digital1.xml</name>
		<arraytype>61</arraytype>
	</drawable>
	<drawable>
		<name>digital8.xml</name>
		<arraytype>12</arraytype>
	</drawable>
	<drawable>
		<name>digital9.xml</name>
		<arraytype>12</arraytype>
		<centerX>400</centerX>
	</drawable>
	<drawable>
		<name>digital10.xml</name>
		<arraytype>5</arraytype>
	</drawable>
	<drawable>
		<name>hm_1_1.xml</name>
		<arraytype>13</arraytype>
		<centerX>91</centerX>
		<centerY>30</centerY>
	</drawable>
	<drawable>
		<name>digital9_1.xml</name>
		<arraytype>13</arraytype>
	</drawable>
	<drawable>
		<name>sek.xml</name>
		<arraytype>9</arraytype>
		<centerX>-200</centerX>
	</drawable> 
       <drawable>
		<name>OUT.xml</name>
		<arraytype>80</arraytype>        
	</drawable> 
       <drawable>
		<name>HR.xml</name>
        <arraytype>81</arraytype>
		<mulrotate>1</mulrotate>
                <centerX>0</centerX>
		<centerY>0</centerY>
	</drawable>
	<drawable>
		<name>MIN.xml</name>
        <arraytype>82</arraytype>
		<mulrotate>1</mulrotate> 
                <centerX>0</centerX>
		<centerY>0</centerY>
	</drawable>
	<drawable>
		<name>digital15_1.xml</name>
		<arraytype>9</arraytype>
		<centerX>-200</centerX>
	</drawable>
	<drawable>
		<name>digital16.xml</name>
		<arraytype>9</arraytype>
		<centerX>200</centerX>
	</drawable>
<!--COMMENTED BY ClockSkinMaker
<metadata gui='rra' version='2.0.0.2'/>
-->
</clockskin>