<clockskin>
    <drawable>
        <name>image1.png</name>
    </drawable>
    <drawable>
        <name>digital1.xml</name>
        <arraytype>6</arraytype>
        <centerX>-4</centerX>
        <centerY>-51</centerY>
    </drawable>
    <drawable>
        <name>digital2.xml</name>
        <arraytype>7</arraytype>
        <centerX>-230</centerX>
        <centerY>-65</centerY>
    </drawable>
    <drawable>
        <name>digital3.xml</name>
        <arraytype>7</arraytype>
        <centerX>143</centerX>
        <centerY>-81</centerY>
    </drawable>
    <drawable>
        <name>image2.png</name>
    </drawable>
    <drawable>
        <name>digital4.xml</name>
        <arraytype>8</arraytype>
        <centerX>-157</centerX>
        <centerY>-76</centerY>
    </drawable>
    <drawable>
        <name>digital5.xml</name>
        <arraytype>8</arraytype>
        <centerX>218</centerX>
        <centerY>-58</centerY>
    </drawable>
    <drawable>
        <name>digital6.xml</name>
        <arraytype>13</arraytype>
        <centerX>-129</centerX>
        <centerY>92</centerY>
    </drawable>
    <drawable>
        <name>digital7.xml</name>
        <arraytype>13</arraytype>
        <centerX>256</centerX>
        <centerY>103</centerY>
    </drawable>
    <drawable>
        <name>digital8.xml</name>
        <arraytype>14</arraytype>
        <centerX>-448</centerX>
        <centerY>108</centerY>
    </drawable>
    <drawable>
        <name>digital9.xml</name>
        <arraytype>14</arraytype>
        <centerX>-64</centerX>
        <centerY>101</centerY>
    </drawable>
    <drawable>
        <name>digital10.xml</name>
        <arraytype>14</arraytype>
        <centerX>319</centerX>
        <centerY>94</centerY>
    </drawable>
    <drawable>
        <name>digital11.xml</name>
        <arraytype>6</arraytype>
        <centerX>69</centerX>
        <centerY>73</centerY>
    </drawable>
    <drawable>
        <name>image3.png</name>
    </drawable>
    <drawable>
        <rotate>3</rotate>
        <mulrotate>1</mulrotate>
        <name>image4.png</name>
    </drawable>
    <drawable>
        <rotate>1</rotate>
        <mulrotate>1</mulrotate>
        <name>image5.png</name>
    </drawable>
    <drawable>
        <rotate>2</rotate>
        <mulrotate>1</mulrotate>
        <name>image6.png</name>
    </drawable>
    <drawable>
        <rotate>3</rotate>
        <mulrotate>1</mulrotate>
        <movement>2</movement>
        <name>image7.png</name>
    </drawable>
    <drawable>
        <name>image8.png</name>
    </drawable>
</clockskin>
