<?xml version="1.0" encoding="utf-8"?>
<drawables>
     <image>img000.png</image>
     <image>img001.png</image> 
     <image>img002.png</image>
     <image>img003.png</image> 
     <image>img004.png</image>
     <image>img005.png</image> 
     <image>img006.png</image>
     <image>img007.png</image>  
     <image>img008.png</image>
     <image>img009.png</image> 
     <image>img010.png</image>
     <image>img011.png</image> 
     <image>img012.png</image>
     <image>img013.png</image> 
     <image>img014.png</image>
     <image>img015.png</image>
     <image>img016.png</image>
     <image>img017.png</image> 
     <image>img018.png</image>
     <image>img019.png</image> 
     <image>img020.png</image>
     <image>img021.png</image> 
     <image>img022.png</image>
     <image>img023.png</image>  
     <image>img024.png</image>
     <image>img025.png</image> 
     <image>img026.png</image>
     <image>img027.png</image> 
     <image>img028.png</image>
     <image>img029.png</image> 
     <image>img030.png</image>
     <image>img031.png</image>
     <image>img032.png</image>
     <image>img033.png</image> 
     <image>img034.png</image>
     <image>img035.png</image> 
     <image>img036.png</image>
     <image>img037.png</image>  
     <image>img038.png</image>
     <image>img039.png</image> 
     <image>img040.png</image>
     <image>img041.png</image> 
     <image>img042.png</image>
     <image>img043.png</image> 
     <image>img044.png</image>
     <image>img045.png</image>
     <image>img046.png</image>
     <image>img047.png</image>
     <image>img048.png</image>
     <image>img049.png</image> 
     <image>img050.png</image>
 </drawables>