<clockskin>
    <drawable>
        <name>image1.png</name>
    </drawable>
    <drawable>
        <name>digital1.xml</name>
        <arraytype>2</arraytype>
        <centerX>4</centerX>
        <centerY>136</centerY>
    </drawable>
    <drawable>
        <name>digital2.xml</name>
        <arraytype>2</arraytype>
        <centerX>0</centerX>
        <centerY>131</centerY>
    </drawable>
    <drawable>
        <name>digital3.xml</name>
        <arraytype>6</arraytype>
        <centerX>-16</centerX>
        <centerY>-1</centerY>
    </drawable>
    <drawable>
        <name>digital4.xml</name>
        <arraytype>6</arraytype>
        <centerX>-20</centerX>
        <centerY>-5</centerY>
    </drawable>
    <drawable>
        <name>digital5.xml</name>
        <arraytype>9</arraytype>
        <centerX>129</centerX>
        <centerY>14</centerY>
    </drawable>
    <drawable>
        <name>digital6.xml</name>
        <arraytype>9</arraytype>
        <centerX>125</centerX>
        <centerY>10</centerY>
    </drawable>
    <drawable>
        <name>image2.png</name>
    </drawable>
    <drawable>
        <name>digital7.xml</name>
        <arraytype>12</arraytype>
        <centerX>99</centerX>
        <centerY>-82</centerY>
    </drawable>
    <drawable>
        <name>digital8.xml</name>
        <arraytype>12</arraytype>
        <centerX>95</centerX>
        <centerY>-86</centerY>
    </drawable>
    <drawable>
        <name>digital9.xml</name>
        <arraytype>6</arraytype>
        <centerX>-154</centerX>
        <centerY>-18</centerY>
    </drawable>
    <drawable>
        <name>digital10.xml</name>
        <arraytype>6</arraytype>
        <centerX>-158</centerX>
        <centerY>-22</centerY>
    </drawable>
    <drawable>
        <name>digital11.xml</name>
        <arraytype>14</arraytype>
    </drawable>
    <drawable>
        <name>digital12.xml</name>
        <arraytype>5</arraytype>
        <centerX>0</centerX>
        <centerY>77</centerY>
    </drawable>
    <drawable>
        <name>image3.png</name>
    </drawable>
</clockskin>
