<?xml version="1.0" encoding="utf-8"?>
<clockskin>
	<drawable>
		<name>Slock_Skin_Model_1.png</name>
	</drawable>
	<drawable>
		<name>Central_Face.png</name>
	</drawable>
	<drawable>
		<name>Central_Face_Top.png</name>
		<centerX>49</centerX>
		<centerY>-50</centerY>
	</drawable>
	<drawable>
		<name>30Min_Dash.png</name>
		<centerY>116</centerY>
	</drawable>
	<drawable>
		<name>Hour_Dash.png</name>
		<centerX>-95</centerX>
		<centerY>56</centerY>
	</drawable>
	<drawable>
		<name>Second_Dach.png</name>
		<centerX>95</centerX>
		<centerY>56</centerY>
	</drawable>
	<drawable>
		<name>img863_2_1_1.png</name>
		<rotate>1</rotate>
		<centerX>-95</centerX>
		<centerY>54</centerY>
	</drawable>
	<drawable>
		<name>img863_2.png</name>
		<rotate>2</rotate>
		<centerX>-1</centerX>
		<centerY>115</centerY>
	</drawable>
	<drawable>
		<name>img863_2_1.png</name>
		<rotate>3</rotate>
		<centerX>95</centerX>
		<centerY>54</centerY>
	</drawable>
	<drawable>
		<name>img3747.png</name>
		<centerX>134</centerX>
		<centerY>32</centerY>
	</drawable>
	<drawable>
		<name>day_array.xml</name>
		<arraytype>4</arraytype>
		<centerX>136</centerX>
		<centerY>3</centerY>
	</drawable>
	<drawable>
		<name>Arrow_Red.png</name>
		<rotate>6</rotate>
		<centerY>-3</centerY>
		<angle>-180</angle>
		<direction>2</direction>
	</drawable>
	<drawable>
		<name>Arrow_yallow.png</name>
		<rotate>7</rotate>
		<centerX>-1</centerX>
		<centerY>2</centerY>
	</drawable>
	<drawable>
		<name>Minute_2_1.png</name>
		<rotate>1</rotate>
	</drawable>
	<drawable>
		<name>Minute_2.png</name>
		<rotate>2</rotate>
	</drawable>
	<drawable>
		<name>Second.png</name>
		<rotate>3</rotate>
	</drawable>
<!--COMMENTED BY ClockSkinMaker
<metadata gui='rra' version='1.4.0.0'/>
-->
</clockskin>