<?xml version="1.0" encoding="utf-8"?>
<drawables>
     <image>animation_3_0.png</image>
     <image>animation_4_1.png</image>
     <image>animation_4_2.png</image>
     <image>animation_4_3.png</image>
     <image>animation_4_4.png</image>
     <image>animation_4_5.png</image>
     <image>animation_4_6.png</image>
     <image>animation_4_7.png</image>
     <image>animation_4_8.png</image>
     <image>animation_4_9.png</image>
     <image>animation_4_10.png</image>
     <image>animation_4_11.png</image>
     <image>animation_4_12.png</image>
     <image>animation_4_13.png</image>
     <image>animation_4_13.png</image>
     <image>animation_4_13.png</image>
     <image>animation_4_13.png</image>
     <image>animation_4_13.png</image>
</drawables>
