<clockskin>
    <drawable>
        <name>image1.png</name>
    </drawable>
    <drawable>
        <name>animated_image_1.xml</name>
        <arraytype>62</arraytype>
        <centerX>-194</centerX>
        <centerY>-8</centerY>
    </drawable>
    <drawable>
        <name>animated_image_1_bf.xml</name>
        <arraytype>62</arraytype>
    </drawable>
    <drawable>
        <name>animated_image_2.xml</name>
        <arraytype>62</arraytype>
        <centerX>201</centerX>
        <centerY>-2</centerY>
    </drawable>
    <drawable>
        <name>animated_image_2_bf.xml</name>
        <arraytype>62</arraytype>
    </drawable>
    <drawable>
        <name>image2.png</name>
    </drawable>
    <drawable>
        <name>digital1.xml</name>
        <arraytype>9</arraytype>
        <centerX>-1</centerX>
        <centerY>-179</centerY>
    </drawable>
    <drawable>
        <name>animated_image_3.xml</name>
        <arraytype>62</arraytype>
        <centerX>-2</centerX>
        <centerY>-182</centerY>
    </drawable>
    <drawable>
        <name>animated_image_3_bf.xml</name>
        <arraytype>62</arraytype>
    </drawable>
    <drawable>
        <name>image3.png</name>
    </drawable>
    <drawable>
        <name>animated_image_4.xml</name>
        <arraytype>62</arraytype>
        <centerX>198</centerX>
        <centerY>2</centerY>
    </drawable>
    <drawable>
        <name>animated_image_4_bf.xml</name>
        <arraytype>62</arraytype>
    </drawable>
    <drawable>
        <name>image4.png</name>
    </drawable>
    <drawable>
        <name>digital2.xml</name>
        <arraytype>14</arraytype>
        <centerX>11</centerX>
        <centerY>180</centerY>
    </drawable>
    <drawable>
        <name>animated_image_5.xml</name>
        <arraytype>62</arraytype>
        <centerX>4</centerX>
        <centerY>182</centerY>
    </drawable>
    <drawable>
        <name>animated_image_5_bf.xml</name>
        <arraytype>62</arraytype>
    </drawable>
    <drawable>
        <name>image5.png</name>
    </drawable>
    <drawable>
        <name>animated_image_6.xml</name>
        <arraytype>62</arraytype>
        <centerX>-196</centerX>
        <centerY>5</centerY>
    </drawable>
    <drawable>
        <name>animated_image_6_bf.xml</name>
        <arraytype>62</arraytype>
    </drawable>
    <drawable>
        <rotate>1</rotate>
        <direction>1</direction>
        <mulrotate>1</mulrotate>
        <centerX>-2</centerX>
        <centerY>-1</centerY>
        <name>image6.png</name>
    </drawable>
    <drawable>
        <rotate>2</rotate>
        <direction>1</direction>
        <mulrotate>1</mulrotate>
        <name>image7.png</name>
    </drawable>
    <drawable>
        <name>image8.png</name>
    </drawable>
    <drawable>
        <rotate>3</rotate>
        <direction>1</direction>
        <mulrotate>1</mulrotate>
        <name>image9.png</name>
    </drawable>
</clockskin>
<!-- Created on WatchFace Designer 0.14.2 beta -->
<!-- Exported for Android 7.1+ Stock ClockSkin Engine -->
