<?xml version="1.0" encoding="utf-8"?>
<clockskin>
	<drawable>
		<name>clock_skin_panel.png</name>
	</drawable>
	<drawable>
		<name>hour_hand.png</name>
		<rotate>1</rotate>
	</drawable>
	<drawable>
		<name>minute_hand.png</name>
		<rotate>2</rotate>
	</drawable>
	<drawable>
		<name>second_hand.png</name>
		<rotate>3</rotate>
	</drawable>
	<drawable>
		<name>outer_skin_panel.png</name>
	</drawable>
	<drawable>
		<arraytype>99</arraytype>
		<centerX>-22</centerX>
		<centerY>68</centerY>
	</drawable>
<!--COMMENTED BY ClockSkinMaker
<metadata gui='rra' version='1.5.0.0'/>
-->
</clockskin>