<clockskin>
    <drawable>
        <name>image1.png</name>
    </drawable>
    <drawable>
    <color>1</color>
        <name>animated_image_1.xml</name>
        <arraytype>62</arraytype>
    </drawable>
    <drawable>
        <name>digital1.xml</name>
        <arraytype>12</arraytype>
        <centerX>1</centerX>
        <centerY>146</centerY>
    </drawable>
    <drawable>
        <name>digital2.xml</name>
        <arraytype>5</arraytype>
        <centerX>0</centerX>
        <centerY>113</centerY>
    </drawable>
    <drawable>
        <name>digital3.xml</name>
        <arraytype>11</arraytype>
        <centerX>59</centerX>
        <centerY>99</centerY>
    </drawable>
    <drawable>
        <name>digital4.xml</name>
        <arraytype>4</arraytype>
        <centerX>1</centerX>
        <centerY>86</centerY>
    </drawable>
    <drawable>
        <name>digital5.xml</name>
        <arraytype>10</arraytype>
        <centerX>-77</centerX>
        <centerY>91</centerY>
    </drawable>
    <drawable>
        <name>digital6.xml</name>
        <arraytype>11</arraytype>
        <centerX>72</centerX>
        <centerY>83</centerY>
    </drawable>
    <drawable>
        <name>digital7.xml</name>
        <arraytype>14</arraytype>
        <centerX>7</centerX>
        <centerY>-153</centerY>
    </drawable>
    <drawable>
        <name>digital8.xml</name>
        <arraytype>13</arraytype>
        <centerX>104</centerX>
        <centerY>-108</centerY>
    </drawable>
    <drawable>
        <name>digital9.xml</name>
        <arraytype>54</arraytype>
        <centerX>-100</centerX>
        <centerY>-108</centerY>
    </drawable>
    <drawable>
        <name>digital10.xml</name>
        <arraytype>7</arraytype>
        <centerX>-90</centerX>
        <centerY>15</centerY>
    </drawable>
    <drawable>
        <name>digital11.xml</name>
        <arraytype>8</arraytype>
        <centerX>91</centerX>
        <centerY>15</centerY>
    </drawable>
    <drawable>
        <name>digital12.xml</name>
        <arraytype>6</arraytype>
        <centerX>-791</centerX>
        <centerY>37</centerY>
    </drawable>
    <drawable>
        <name>digital12.xml</name>
        <arraytype>6</arraytype>
        <centerX>-391</centerX>
        <centerY>38</centerY>
    </drawable>
    <drawable>
        <name>digital12.xml</name>
        <arraytype>6</arraytype>
        <centerX>9</centerX>
        <centerY>46</centerY>
    </drawable>
    <drawable>
        <name>digital12.xml</name>
        <arraytype>6</arraytype>
        <centerX>409</centerX>
        <centerY>54</centerY>
    </drawable>
    <drawable>
        <name>digital12.xml</name>
        <arraytype>6</arraytype>
        <centerX>809</centerX>
        <centerY>55</centerY>
    </drawable>
</clockskin>
<!-- Created on WatchFace Designer 0.14.2 beta -->
<!-- Exported for Android 7.1+ Stock ClockSkin Engine -->
