<?xml version="1.0" encoding="utf-8"?>
<clockskin>
	<drawable>
		<name>image1.png</name>
		<rotate>3</rotate>
	</drawable>
	<drawable>
		<name>clock_skin_panel.png</name>
	</drawable>
	<drawable>
		<name>num2_array.xml</name>
		<arraytype>12</arraytype>
		<centerX>75</centerX>
		<centerY>-95</centerY>
	</drawable>
	<drawable>
		<name>hour_minute_array.xml</name>
		<arraytype>6</arraytype>
		<centerX>-40</centerX>
	</drawable>
	<drawable>
		<name>num1_array.xml</name>
		<arraytype>9</arraytype>
		<centerX>108</centerX>
		<centerY>15</centerY>
	</drawable>
	<drawable>
		<name>month_array.xml</name>
		<arraytype>3</arraytype>
		<centerX>35</centerX>
		<centerY>134</centerY>
	</drawable>
	<drawable>
		<name>day_array.xml</name>
		<arraytype>4</arraytype>
		<centerX>-69</centerX>
		<centerY>135</centerY>
	</drawable>
	<drawable>
		<name>battery.xml</name>
		<arraytype>14</arraytype>
		<centerX>17</centerX>
		<centerY>94</centerY>
	</drawable>
	<drawable>
		<name>weather_array.xml</name>
		<arraytype>10</arraytype>
		<centerX>-102</centerX>
		<centerY>-94</centerY>
	</drawable>
	<drawable>
		<name>num2_array_1.xml</name>
		<arraytype>11</arraytype>
		<centerX>-61</centerX>
		<centerY>-114</centerY>
	</drawable>
<!--COMMENTED BY ClockSkinMaker
<metadata gui='rra' version='1.6.0.0'/>
-->
</clockskin>