<?xml version="1.0" encoding="utf-8"?>
<drawables>
	<image>Weekday_gold_sun.png</image>
	<image>Weekday_gold_mon.png</image>
	<image>Weekday_gold_tue.png</image>
	<image>Weekday_gold_wed.png</image>
	<image>Weekday_gold_thu.png</image>
	<image>Weekday_gold_fri.png</image>
	<image>Weekday_gold_sat.png</image>
<!--COMMENTED BY ClockSkinMaker
<metadata gui='rra' version='1.4.0.0' type='array_weekday' forecolor='C4BFA1' autoscale='1' font='Calibri' fontstyle='Bold' fontsize='34,56865'>
<content>SON</content>
<content>MON</content>
<content>DIE</content>
<content>MIT</content>
<content>DON</content>
<content>FRE</content>
<content>SAM</content>
</metadata>
-->
</drawables>