<clockskin>
    <drawable>
        <name>image1.png</name>
    </drawable>
    <drawable>
        <name>digital1.xml</name>
        <arraytype>6</arraytype>
        <centerX>0</centerX>
        <centerY>-28</centerY>
    </drawable>
    <drawable>
        <name>digital2.xml</name>
        <arraytype>10</arraytype>
        <centerX>0</centerX>
        <centerY>-25</centerY>
    </drawable>
    <drawable>
        <name>digital3.xml</name>
        <arraytype>6</arraytype>
        <centerX>0</centerX>
        <centerY>-28</centerY>
    </drawable>
    <drawable>
        <name>image2.png</name>
    </drawable>
    <drawable>
        <name>digital4.xml</name>
        <arraytype>4</arraytype>
        <centerX>0</centerX>
        <centerY>-116</centerY>
    </drawable>
    <drawable>
        <name>digital5.xml</name>
        <arraytype>3</arraytype>
        <centerX>-45</centerX>
        <centerY>-112</centerY>
    </drawable>
    <drawable>
        <name>digital6.xml</name>
        <arraytype>16</arraytype>
        <centerX>50</centerX>
        <centerY>-112</centerY>
    </drawable>
    <drawable>
        <name>digital7.xml</name>
        <arraytype>5</arraytype>
        <centerX>0</centerX>
        <centerY>-155</centerY>
    </drawable>
    <drawable>
        <name>digital8.xml</name>
        <arraytype>14</arraytype>
        <centerX>116</centerX>
        <centerY>64</centerY>
    </drawable>
    <drawable>
        <name>image3.png</name>
    </drawable>
    <drawable>
        <name>digital9.xml</name>
        <arraytype>11</arraytype>
        <centerX>-3</centerX>
        <centerY>70</centerY>
    </drawable>
    <drawable>
        <name>image4.png</name>
    </drawable>
    <drawable>
        <name>digital10.xml</name>
        <arraytype>12</arraytype>
        <centerX>55</centerX>
        <centerY>135</centerY>
    </drawable>
    <drawable>
        <name>image5.png</name>
    </drawable>
    <drawable>
        <name>digital11.xml</name>
        <arraytype>13</arraytype>
        <centerX>-117</centerX>
        <centerY>80</centerY>
    </drawable>
    <drawable>
        <name>image6.png</name>
    </drawable>
</clockskin>
<!-- Created on WatchFace Designer 0.14.2 beta -->
<!-- Exported for Android 7.1+ Stock ClockSkin Engine -->
