<WatchFaceDesign width="400" height="400" round="true">
<CircularLayer>
<type>Solid</type>
<name></name>
<center>206.0; 218.0</center>
<middle>201.0; 201.0</middle>
<effects>
</effects>
<autoRotation>NONE</autoRotation>
<autoRotationDirection>CLOCKWISE</autoRotationDirection>
<autoRotationMultiplier>1</autoRotationMultiplier>
<autoRotationMovement>SMOOTH</autoRotationMovement>
<opacity>1.0</opacity>
<enabled>yes</enabled>
<outterRadius>200</outterRadius>
<innerRadius>0</innerRadius>
<fillStyle>
<paintStyle>CONICAL_GRADIENT</paintStyle>
<colorPoints>
<point>
<position>0.50282484</position>
<color>#ff009999</color>
</point>
<point>
<position>1.0</position>
<color>#ff000000</color>
</point>
</colorPoints>
<angle>86.84</angle>
<offsetX>0.0</offsetX>
<offsetY>-0.31</offsetY>
<textureScale>1.0</textureScale>
</fillStyle>
<strokeStyle>
<paintStyle>SOLID</paintStyle>
<colorPoints>
<point>
<position>0.0</position>
<color>#ffffffff</color>
</point>
<point>
<position>1.0</position>
<color>#ff000000</color>
</point>
</colorPoints>
<angle>0.0</angle>
<offsetX>0.0</offsetX>
<offsetY>0.0</offsetY>
<textureScale>1.0</textureScale>
</strokeStyle>
<thickness>0.0</thickness>
<startAngle>0.0</startAngle>
<angleSpan>360.0</angleSpan>
</CircularLayer>
<DigitalClockLayer>
<type>Digital Clock</type>
<name></name>
<center>200.0; 109.0</center>
<middle>200.0; 200.0</middle>
<effects>
<SimplePerspectiveEffect>
<enabled>yes</enabled>
<angle>-21.13</angle>
<effect>0.1</effect>
<darken>yes</darken>
<axis>X_AXIS</axis>
</SimplePerspectiveEffect>
</effects>
<autoRotation>NONE</autoRotation>
<autoRotationDirection>CLOCKWISE</autoRotationDirection>
<autoRotationMultiplier>1</autoRotationMultiplier>
<autoRotationMovement>SMOOTH</autoRotationMovement>
<opacity>1.0</opacity>
<enabled>yes</enabled>
<font>Baskerville Old Face;22;1</font>
<fillStyle>
<paintStyle>SOLID</paintStyle>
<colorPoints>
<point>
<position>0.0</position>
<color>#ffffffcc</color>
</point>
<point>
<position>1.0</position>
<color>#ff000000</color>
</point>
</colorPoints>
<angle>0.0</angle>
<offsetX>0.0</offsetX>
<offsetY>0.0</offsetY>
<textureScale>1.0</textureScale>
</fillStyle>
<strokeStyle>
<paintStyle>SOLID</paintStyle>
<colorPoints>
<point>
<position>0.0</position>
<color>#ffffff00</color>
</point>
<point>
<position>1.0</position>
<color>#ff000000</color>
</point>
</colorPoints>
<angle>0.0</angle>
<offsetX>0.0</offsetX>
<offsetY>0.0</offsetY>
<textureScale>1.0</textureScale>
</strokeStyle>
<strokeWidth>0.9</strokeWidth>
<characterSpacing>0.0</characterSpacing>
<clockType>WEEKDAY</clockType>
<angle>0.0</angle>
<imageScaleMethod>NO_RESCALE</imageScaleMethod>
<imageScaleWidth>70.0</imageScaleWidth>
<imageScaleHeight>100.0</imageScaleHeight>
<textAlignment>CENTER</textAlignment>
<textOffset>0.0</textOffset>
<allowEffectsToResizeDigits>no</allowEffectsToResizeDigits>
<values>
<value type="text">SLAVEK</value>
<value type="text">SLAVEK</value>
<value type="text">SLAVEK</value>
<value type="text">SLAVEK</value>
<value type="text">SLAVEK</value>
<value type="text">SLAVEK</value>
<value type="text">SLAVEK</value>
</values>
</DigitalClockLayer>
<DigitalClockLayer>
<type>Digital Clock</type>
<name></name>
<center>200.0; 196.0</center>
<middle>200.0; 200.0</middle>
<effects>
<SimplePerspectiveEffect>
<enabled>yes</enabled>
<angle>12.01</angle>
<effect>0.1</effect>
<darken>yes</darken>
<axis>X_AXIS</axis>
</SimplePerspectiveEffect>
<ShadowEffect>
<enabled>yes</enabled>
<shadowed>yes</shadowed>
<selfShadowed>no</selfShadowed>
<shadowColor>#ff000000</shadowColor>
<shadowDistance>5.0</shadowDistance>
<shadowRadius>3.0</shadowRadius>
<shadowAngle>45.0</shadowAngle>
<shadowOpacity>0.7</shadowOpacity>
</ShadowEffect>
</effects>
<autoRotation>NONE</autoRotation>
<autoRotationDirection>CLOCKWISE</autoRotationDirection>
<autoRotationMultiplier>1</autoRotationMultiplier>
<autoRotationMovement>SMOOTH</autoRotationMovement>
<opacity>1.0</opacity>
<enabled>yes</enabled>
<font>Arial;28;1</font>
<fillStyle>
<paintStyle>SOLID</paintStyle>
<colorPoints>
<point>
<position>0.0</position>
<color>#ffffff00</color>
</point>
<point>
<position>1.0</position>
<color>#ff000000</color>
</point>
</colorPoints>
<angle>0.0</angle>
<offsetX>0.0</offsetX>
<offsetY>0.0</offsetY>
<textureScale>1.0</textureScale>
</fillStyle>
<strokeStyle>
<paintStyle>SOLID</paintStyle>
<colorPoints>
<point>
<position>0.0</position>
<color>#ffffff33</color>
</point>
<point>
<position>1.0</position>
<color>#ff000000</color>
</point>
</colorPoints>
<angle>0.0</angle>
<offsetX>0.0</offsetX>
<offsetY>0.0</offsetY>
<textureScale>1.0</textureScale>
</strokeStyle>
<strokeWidth>1.8</strokeWidth>
<characterSpacing>0.0</characterSpacing>
<clockType>WEEKDAY</clockType>
<angle>0.0</angle>
<imageScaleMethod>NO_RESCALE</imageScaleMethod>
<imageScaleWidth>70.0</imageScaleWidth>
<imageScaleHeight>100.0</imageScaleHeight>
<textAlignment>CENTER</textAlignment>
<textOffset>0.0</textOffset>
<allowEffectsToResizeDigits>no</allowEffectsToResizeDigits>
<values>
<value type="text">NED&#x11a;LE</value>
<value type="text">POND&#x11a;L&#xcd;</value>
<value type="text">&#xda;TER&#xdd;</value>
<value type="text">ST&#x158;EDA</value>
<value type="text">&#x10c;TVRTEK</value>
<value type="text">P&#xc1;TEK</value>
<value type="text">SOBOTA</value>
</values>
</DigitalClockLayer>
<ThreeDeeBezel>
<type>3D Bezel</type>
<name></name>
<center>200.0; 153.0</center>
<middle>159.0; 159.0</middle>
<effects>
<SimplePerspectiveEffect>
<enabled>yes</enabled>
<angle>14.0</angle>
<effect>0.64</effect>
<darken>yes</darken>
<axis>X_AXIS</axis>
</SimplePerspectiveEffect>
</effects>
<autoRotation>NONE</autoRotation>
<autoRotationDirection>CLOCKWISE</autoRotationDirection>
<autoRotationMultiplier>1</autoRotationMultiplier>
<autoRotationMovement>SMOOTH</autoRotationMovement>
<opacity>1.0</opacity>
<enabled>yes</enabled>
<radius>158</radius>
<largeWidth>39</largeWidth>
<smallWidth>5</smallWidth>
<color>#ff006666</color>
<lightAngle>90.0</lightAngle>
<effectType>INSIDE_TALL</effectType>
</ThreeDeeBezel>
<RectangularLayer>
<type>Rectangle</type>
<name></name>
<center>360.0; 373.0</center>
<middle>101.0; 101.0</middle>
<effects>
<ShadowEffect>
<enabled>yes</enabled>
<shadowed>yes</shadowed>
<selfShadowed>no</selfShadowed>
<shadowColor>#ff000000</shadowColor>
<shadowDistance>5.0</shadowDistance>
<shadowRadius>3.0</shadowRadius>
<shadowAngle>45.0</shadowAngle>
<shadowOpacity>0.7</shadowOpacity>
</ShadowEffect>
</effects>
<autoRotation>NONE</autoRotation>
<autoRotationDirection>CLOCKWISE</autoRotationDirection>
<autoRotationMultiplier>1</autoRotationMultiplier>
<autoRotationMovement>SMOOTH</autoRotationMovement>
<opacity>1.0</opacity>
<enabled>yes</enabled>
<width>200.0</width>
<height>200.0</height>
<rotation>0.0</rotation>
<cornerRadius>90.3</cornerRadius>
<fillStyle>
<paintStyle>SOLID</paintStyle>
<colorPoints>
<point>
<position>0.67043316</position>
<color>#ff009999</color>
</point>
<point>
<position>1.0</position>
<color>#ff000000</color>
</point>
</colorPoints>
<angle>-87.74</angle>
<offsetX>0.0</offsetX>
<offsetY>0.0</offsetY>
<textureScale>1.0</textureScale>
</fillStyle>
<strokeStyle>
<paintStyle>SOLID</paintStyle>
<colorPoints>
<point>
<position>0.0</position>
<color>#ff009999</color>
</point>
<point>
<position>1.0</position>
<color>#ff000000</color>
</point>
</colorPoints>
<angle>0.0</angle>
<offsetX>0.0</offsetX>
<offsetY>0.0</offsetY>
<textureScale>1.0</textureScale>
</strokeStyle>
<thickness>0.0</thickness>
</RectangularLayer>
<RectangularLayer>
<type>Rectangle</type>
<name></name>
<center>161.0; 365.0</center>
<middle>101.0; 51.0</middle>
<effects>
<ShadowEffect>
<enabled>yes</enabled>
<shadowed>yes</shadowed>
<selfShadowed>no</selfShadowed>
<shadowColor>#ff000000</shadowColor>
<shadowDistance>5.0</shadowDistance>
<shadowRadius>3.0</shadowRadius>
<shadowAngle>45.0</shadowAngle>
<shadowOpacity>0.7</shadowOpacity>
</ShadowEffect>
</effects>
<autoRotation>NONE</autoRotation>
<autoRotationDirection>CLOCKWISE</autoRotationDirection>
<autoRotationMultiplier>1</autoRotationMultiplier>
<autoRotationMovement>SMOOTH</autoRotationMovement>
<opacity>1.0</opacity>
<enabled>yes</enabled>
<width>200.0</width>
<height>100.0</height>
<rotation>0.0</rotation>
<cornerRadius>6.7</cornerRadius>
<fillStyle>
<paintStyle>SOLID</paintStyle>
<colorPoints>
<point>
<position>0.67043316</position>
<color>#ff009999</color>
</point>
<point>
<position>1.0</position>
<color>#ff000000</color>
</point>
</colorPoints>
<angle>-87.74</angle>
<offsetX>0.0</offsetX>
<offsetY>0.0</offsetY>
<textureScale>1.0</textureScale>
</fillStyle>
<strokeStyle>
<paintStyle>SOLID</paintStyle>
<colorPoints>
<point>
<position>0.0</position>
<color>#ff009999</color>
</point>
<point>
<position>1.0</position>
<color>#ff000000</color>
</point>
</colorPoints>
<angle>0.0</angle>
<offsetX>0.0</offsetX>
<offsetY>0.0</offsetY>
<textureScale>1.0</textureScale>
</strokeStyle>
<thickness>0.0</thickness>
</RectangularLayer>
<RectangularLayer>
<type>Rectangle</type>
<name></name>
<center>347.0; 316.0</center>
<middle>90.5; 90.5</middle>
<effects>
<ShadowEffect>
<enabled>yes</enabled>
<shadowed>yes</shadowed>
<selfShadowed>no</selfShadowed>
<shadowColor>#ff000000</shadowColor>
<shadowDistance>5.0</shadowDistance>
<shadowRadius>3.0</shadowRadius>
<shadowAngle>45.0</shadowAngle>
<shadowOpacity>0.7</shadowOpacity>
</ShadowEffect>
</effects>
<autoRotation>NONE</autoRotation>
<autoRotationDirection>CLOCKWISE</autoRotationDirection>
<autoRotationMultiplier>1</autoRotationMultiplier>
<autoRotationMovement>SMOOTH</autoRotationMovement>
<opacity>1.0</opacity>
<enabled>yes</enabled>
<width>80.0</width>
<height>160.0</height>
<rotation>90.0</rotation>
<cornerRadius>79.8</cornerRadius>
<fillStyle>
<paintStyle>LINEAR_GRADIENT</paintStyle>
<colorPoints>
<point>
<position>0.67043316</position>
<color>#ff009999</color>
</point>
<point>
<position>1.0</position>
<color>#ff000000</color>
</point>
</colorPoints>
<angle>-87.74</angle>
<offsetX>0.0</offsetX>
<offsetY>0.0</offsetY>
<textureScale>1.0</textureScale>
</fillStyle>
<strokeStyle>
<paintStyle>LINEAR_GRADIENT</paintStyle>
<colorPoints>
<point>
<position>0.58003765</position>
<color>#ff009999</color>
</point>
<point>
<position>0.68926555</position>
<color>#ff000000</color>
</point>
</colorPoints>
<angle>10.75</angle>
<offsetX>0.0</offsetX>
<offsetY>0.0</offsetY>
<textureScale>1.0</textureScale>
</strokeStyle>
<thickness>0.0</thickness>
</RectangularLayer>
<ThreeDeeBezel>
<type>3D Bezel</type>
<name></name>
<center>200.0; 200.0</center>
<middle>201.0; 201.0</middle>
<effects>
<SimpleEmbossEffect>
<enabled>yes</enabled>
<distance>2.0</distance>
<angle>0.0</angle>
<strength>2.0</strength>
</SimpleEmbossEffect>
</effects>
<autoRotation>NONE</autoRotation>
<autoRotationDirection>CLOCKWISE</autoRotationDirection>
<autoRotationMultiplier>1</autoRotationMultiplier>
<autoRotationMovement>SMOOTH</autoRotationMovement>
<opacity>1.0</opacity>
<enabled>yes</enabled>
<radius>200</radius>
<largeWidth>25</largeWidth>
<smallWidth>5</smallWidth>
<color>#ff006666</color>
<lightAngle>45.0</lightAngle>
<effectType>INSIDE_TALL</effectType>
</ThreeDeeBezel>
<PerspectiveTextLayer>
<type>Text</type>
<name></name>
<center>200.0; 201.0</center>
<middle>220.0; 220.0</middle>
<effects>
</effects>
<autoRotation>NONE</autoRotation>
<autoRotationDirection>CLOCKWISE</autoRotationDirection>
<autoRotationMultiplier>1</autoRotationMultiplier>
<autoRotationMovement>SMOOTH</autoRotationMovement>
<opacity>1.0</opacity>
<enabled>yes</enabled>
<radius>178</radius>
<font>Arial;18;1</font>
<fillStyle>
<paintStyle>SOLID</paintStyle>
<colorPoints>
<point>
<position>0.0</position>
<color>#ffffffcc</color>
</point>
<point>
<position>1.0</position>
<color>#ff000000</color>
</point>
</colorPoints>
<angle>0.0</angle>
<offsetX>0.0</offsetX>
<offsetY>0.0</offsetY>
<textureScale>1.0</textureScale>
</fillStyle>
<strokeStyle>
<paintStyle>SOLID</paintStyle>
<colorPoints>
<point>
<position>0.0</position>
<color>#ff000000</color>
</point>
<point>
<position>1.0</position>
<color>#ff000000</color>
</point>
</colorPoints>
<angle>0.0</angle>
<offsetX>0.0</offsetX>
<offsetY>0.0</offsetY>
<textureScale>1.0</textureScale>
</strokeStyle>
<strokeWidth>0.0</strokeWidth>
<rotatedTextSpacing>0.0</rotatedTextSpacing>
<squarify>0.0</squarify>
<startAngle>0.0</startAngle>
<angleSpan>360.0</angleSpan>
<numbers>PRO,LED,&#xda;N,B&#x158;E,DUB,KV&#x11a;,&#x10c;ER,&#x10c;RV,SRP,Z&#xc1;&#x158;,&#x158;&#xcd;J,LIS</numbers>
<rotationStyle>ALWAYS</rotationStyle>
<textSlant>0.0</textSlant>
<perspectiveAngle>0.0</perspectiveAngle>
<locationRelativeToRadius>DEFAULT</locationRelativeToRadius>
</PerspectiveTextLayer>
<PerspectiveTextLayer>
<type>Text</type>
<name></name>
<center>200.0; 200.0</center>
<middle>283.0; 283.0</middle>
<effects>
<EmbossEffect>
<enabled>yes</enabled>
<embossSoftness>5.0</embossSoftness>
<embossHeight>3.0</embossHeight>
<embossElevation>3.0</embossElevation>
<embossLightAngle>45.0</embossLightAngle>
<embossBumpSource>TRANSPARENCY</embossBumpSource>
<mapOffsetX>0.0</mapOffsetX>
<mapOffsetY>0.0</mapOffsetY>
<mapScale>1.0</mapScale>
<bumpMethod>STANDARD</bumpMethod>
<maxDistance>10</maxDistance>
<blurLevel>2.0</blurLevel>
<bumpSide>INSIDE_AND_OUTSIDE</bumpSide>
<MappingFunction>
<Point>0.0; 0.0</Point>
<Point>1.0; 1.0</Point>
</MappingFunction>
<lightColor>#ffffffff</lightColor>
<secondLightEnabled>no</secondLightEnabled>
<secondLightElevation>90.0</secondLightElevation>
<secondLightAngle>45.0</secondLightAngle>
<secondLightIntensity>0.5</secondLightIntensity>
<secondLightType>AMBIENT</secondLightType>
<secondLightColor>#ffffffff</secondLightColor>
</EmbossEffect>
</effects>
<autoRotation>MONTH</autoRotation>
<autoRotationDirection>CLOCKWISE</autoRotationDirection>
<autoRotationMultiplier>1</autoRotationMultiplier>
<autoRotationMovement>SMOOTH</autoRotationMovement>
<opacity>1.0</opacity>
<enabled>yes</enabled>
<radius>185</radius>
<font>Arial;48;1</font>
<fillStyle>
<paintStyle>SOLID</paintStyle>
<colorPoints>
<point>
<position>0.0</position>
<color>#ffffff00</color>
</point>
<point>
<position>1.0</position>
<color>#ff000000</color>
</point>
</colorPoints>
<angle>0.0</angle>
<offsetX>0.0</offsetX>
<offsetY>0.0</offsetY>
<textureScale>1.0</textureScale>
</fillStyle>
<strokeStyle>
<paintStyle>SOLID</paintStyle>
<colorPoints>
<point>
<position>0.0</position>
<color>#ff000000</color>
</point>
<point>
<position>1.0</position>
<color>#ff000000</color>
</point>
</colorPoints>
<angle>0.0</angle>
<offsetX>0.0</offsetX>
<offsetY>0.0</offsetY>
<textureScale>1.0</textureScale>
</strokeStyle>
<strokeWidth>0.0</strokeWidth>
<rotatedTextSpacing>0.0</rotatedTextSpacing>
<squarify>0.0</squarify>
<startAngle>0.0</startAngle>
<angleSpan>360.0</angleSpan>
<numbers>(     )</numbers>
<rotationStyle>ALWAYS</rotationStyle>
<textSlant>0.0</textSlant>
<perspectiveAngle>0.0</perspectiveAngle>
<locationRelativeToRadius>DEFAULT</locationRelativeToRadius>
</PerspectiveTextLayer>
<ImageLayer>
<type>Image</type>
<name></name>
<center>200.0; 200.0</center>
<middle>0.5; 0.5</middle>
<effects>
</effects>
<autoRotation>NONE</autoRotation>
<autoRotationDirection>CLOCKWISE</autoRotationDirection>
<autoRotationMultiplier>1</autoRotationMultiplier>
<autoRotationMovement>SMOOTH</autoRotationMovement>
<opacity>1.0</opacity>
<enabled>yes</enabled>
<scale>1.0</scale>
<aspectRatio>1.0</aspectRatio>
<filename></filename>
<rotation>0.0</rotation>
<loadedImage>
iVBORw0KGgoAAAANSUhEUgAAAAEAAAABCAYAAAAfFcSJAAAAC0lEQVR42mNgAAIAAAUAAen63NgAAAAASUVORK5CYII=
</loadedImage>
</ImageLayer>
<PerspectiveTextLayer>
<type>Text</type>
<name></name>
<center>200.0; 153.0</center>
<middle>166.0; 166.0</middle>
<effects>
<SimplePerspectiveEffect>
<enabled>yes</enabled>
<angle>18.0</angle>
<effect>0.64</effect>
<darken>yes</darken>
<axis>X_AXIS</axis>
</SimplePerspectiveEffect>
<SimpleEmbossEffect>
<enabled>yes</enabled>
<distance>2.0</distance>
<angle>0.0</angle>
<strength>1.0</strength>
</SimpleEmbossEffect>
</effects>
<autoRotation>NONE</autoRotation>
<autoRotationDirection>CLOCKWISE</autoRotationDirection>
<autoRotationMultiplier>1</autoRotationMultiplier>
<autoRotationMovement>SMOOTH</autoRotationMovement>
<opacity>1.0</opacity>
<enabled>yes</enabled>
<radius>128</radius>
<font>Arial Rounded MT Bold;28;1</font>
<fillStyle>
<paintStyle>SOLID</paintStyle>
<colorPoints>
<point>
<position>0.0</position>
<color>#ffffffcc</color>
</point>
<point>
<position>1.0</position>
<color>#ff000000</color>
</point>
</colorPoints>
<angle>0.0</angle>
<offsetX>0.0</offsetX>
<offsetY>0.0</offsetY>
<textureScale>1.0</textureScale>
</fillStyle>
<strokeStyle>
<paintStyle>SOLID</paintStyle>
<colorPoints>
<point>
<position>0.0</position>
<color>#ff000000</color>
</point>
<point>
<position>1.0</position>
<color>#ff000000</color>
</point>
</colorPoints>
<angle>0.0</angle>
<offsetX>0.0</offsetX>
<offsetY>0.0</offsetY>
<textureScale>1.0</textureScale>
</strokeStyle>
<strokeWidth>0.0</strokeWidth>
<rotatedTextSpacing>0.0</rotatedTextSpacing>
<squarify>0.0</squarify>
<startAngle>0.0</startAngle>
<angleSpan>360.0</angleSpan>
<numbers>12,1,2,3,4,5,6,7,8,9,10,11</numbers>
<rotationStyle>ALWAYS</rotationStyle>
<textSlant>0.0</textSlant>
<perspectiveAngle>0.0</perspectiveAngle>
<locationRelativeToRadius>DEFAULT</locationRelativeToRadius>
</PerspectiveTextLayer>
<DigitalClockLayer>
<type>Digital Clock</type>
<name></name>
<center>190.0; 339.0</center>
<middle>200.0; 200.0</middle>
<effects>
<ShadowEffect>
<enabled>yes</enabled>
<shadowed>yes</shadowed>
<selfShadowed>no</selfShadowed>
<shadowColor>#ff000000</shadowColor>
<shadowDistance>5.0</shadowDistance>
<shadowRadius>3.0</shadowRadius>
<shadowAngle>45.0</shadowAngle>
<shadowOpacity>0.7</shadowOpacity>
</ShadowEffect>
</effects>
<autoRotation>NONE</autoRotation>
<autoRotationDirection>CLOCKWISE</autoRotationDirection>
<autoRotationMultiplier>1</autoRotationMultiplier>
<autoRotationMovement>SMOOTH</autoRotationMovement>
<opacity>1.0</opacity>
<enabled>yes</enabled>
<font>Arial;42;1</font>
<fillStyle>
<paintStyle>SOLID</paintStyle>
<colorPoints>
<point>
<position>0.0</position>
<color>#ffffff99</color>
</point>
<point>
<position>1.0</position>
<color>#ff000000</color>
</point>
</colorPoints>
<angle>0.0</angle>
<offsetX>0.0</offsetX>
<offsetY>0.0</offsetY>
<textureScale>1.0</textureScale>
</fillStyle>
<strokeStyle>
<paintStyle>SOLID</paintStyle>
<colorPoints>
<point>
<position>0.0</position>
<color>#ff000000</color>
</point>
<point>
<position>1.0</position>
<color>#ff000000</color>
</point>
</colorPoints>
<angle>0.0</angle>
<offsetX>0.0</offsetX>
<offsetY>0.0</offsetY>
<textureScale>1.0</textureScale>
</strokeStyle>
<strokeWidth>0.0</strokeWidth>
<characterSpacing>0.0</characterSpacing>
<clockType>HOUR_MINUTE</clockType>
<angle>0.0</angle>
<imageScaleMethod>NO_RESCALE</imageScaleMethod>
<imageScaleWidth>70.0</imageScaleWidth>
<imageScaleHeight>100.0</imageScaleHeight>
<textAlignment>CENTER</textAlignment>
<textOffset>0.0</textOffset>
<allowEffectsToResizeDigits>no</allowEffectsToResizeDigits>
<values>
<value type="text">0</value>
<value type="text">1</value>
<value type="text">2</value>
<value type="text">3</value>
<value type="text">4</value>
<value type="text">5</value>
<value type="text">6</value>
<value type="text">7</value>
<value type="text">8</value>
<value type="text">9</value>
<value type="text">:</value>
<value type="text"></value>
<value type="text"></value>
</values>
</DigitalClockLayer>
<DigitalClockLayer>
<type>Digital Clock</type>
<name></name>
<center>303.0; 302.0</center>
<middle>200.0; 200.0</middle>
<effects>
<ShadowEffect>
<enabled>yes</enabled>
<shadowed>yes</shadowed>
<selfShadowed>no</selfShadowed>
<shadowColor>#ff000000</shadowColor>
<shadowDistance>5.0</shadowDistance>
<shadowRadius>3.0</shadowRadius>
<shadowAngle>45.0</shadowAngle>
<shadowOpacity>0.7</shadowOpacity>
</ShadowEffect>
<SimplePerspectiveEffect>
<enabled>yes</enabled>
<angle>-14.79</angle>
<effect>1.0</effect>
<darken>yes</darken>
<axis>X_AXIS</axis>
</SimplePerspectiveEffect>
</effects>
<autoRotation>NONE</autoRotation>
<autoRotationDirection>CLOCKWISE</autoRotationDirection>
<autoRotationMultiplier>1</autoRotationMultiplier>
<autoRotationMovement>SMOOTH</autoRotationMovement>
<opacity>1.0</opacity>
<enabled>yes</enabled>
<font>Arial;40;1</font>
<fillStyle>
<paintStyle>SOLID</paintStyle>
<colorPoints>
<point>
<position>0.0</position>
<color>#ffffff00</color>
</point>
<point>
<position>1.0</position>
<color>#ff000000</color>
</point>
</colorPoints>
<angle>0.0</angle>
<offsetX>0.0</offsetX>
<offsetY>0.0</offsetY>
<textureScale>1.0</textureScale>
</fillStyle>
<strokeStyle>
<paintStyle>SOLID</paintStyle>
<colorPoints>
<point>
<position>0.0</position>
<color>#ffffff00</color>
</point>
<point>
<position>1.0</position>
<color>#ff000000</color>
</point>
</colorPoints>
<angle>0.0</angle>
<offsetX>0.0</offsetX>
<offsetY>0.0</offsetY>
<textureScale>1.0</textureScale>
</strokeStyle>
<strokeWidth>0.0</strokeWidth>
<characterSpacing>0.0</characterSpacing>
<clockType>DAY</clockType>
<angle>0.0</angle>
<imageScaleMethod>NO_RESCALE</imageScaleMethod>
<imageScaleWidth>70.0</imageScaleWidth>
<imageScaleHeight>100.0</imageScaleHeight>
<textAlignment>CENTER</textAlignment>
<textOffset>0.0</textOffset>
<allowEffectsToResizeDigits>no</allowEffectsToResizeDigits>
<values>
<value type="text">0</value>
<value type="text">1</value>
<value type="text">2</value>
<value type="text">3</value>
<value type="text">4</value>
<value type="text">5</value>
<value type="text">6</value>
<value type="text">7</value>
<value type="text">8</value>
<value type="text">9</value>
</values>
</DigitalClockLayer>
<HandLayer>
<type>HandLayer</type>
<name></name>
<center>200.0; 153.0</center>
<middle>400.0; 400.0</middle>
<effects>
<ShadowEffect>
<enabled>yes</enabled>
<shadowed>yes</shadowed>
<selfShadowed>no</selfShadowed>
<shadowColor>#ff000000</shadowColor>
<shadowDistance>5.0</shadowDistance>
<shadowRadius>3.0</shadowRadius>
<shadowAngle>45.0</shadowAngle>
<shadowOpacity>0.7</shadowOpacity>
</ShadowEffect>
</effects>
<autoRotation>MINUTE</autoRotation>
<autoRotationDirection>CLOCKWISE</autoRotationDirection>
<autoRotationMultiplier>1</autoRotationMultiplier>
<autoRotationMovement>SMOOTH</autoRotationMovement>
<opacity>1.0</opacity>
<enabled>yes</enabled>
<fillStyle>
<paintStyle>LINEAR_GRADIENT</paintStyle>
<colorPoints>
<point>
<position>0.48022598</position>
<color>#ffffff99</color>
</point>
<point>
<position>1.0</position>
<color>#ff000000</color>
</point>
</colorPoints>
<angle>0.0</angle>
<offsetX>0.0</offsetX>
<offsetY>0.0</offsetY>
<textureScale>1.0</textureScale>
</fillStyle>
<strokeStyle>
<paintStyle>SOLID</paintStyle>
<colorPoints>
<point>
<position>0.0</position>
<color>#ff000000</color>
</point>
<point>
<position>1.0</position>
<color>#ff000000</color>
</point>
</colorPoints>
<angle>0.0</angle>
<offsetX>0.0</offsetX>
<offsetY>0.0</offsetY>
<textureScale>1.0</textureScale>
</strokeStyle>
<thickness>0.0</thickness>
<startAngle>0.0</startAngle>
<sections>
<section>
<top>3.0; 120.4</top>
<bottom>10.0; 0.0</bottom>
<controlPoint>0.0; 0.0</controlPoint>
</section>
</sections>
</HandLayer>
<HandLayer>
<type>HandLayer</type>
<name></name>
<center>200.0; 153.0</center>
<middle>400.0; 400.0</middle>
<effects>
<ShadowEffect>
<enabled>yes</enabled>
<shadowed>yes</shadowed>
<selfShadowed>no</selfShadowed>
<shadowColor>#ff000000</shadowColor>
<shadowDistance>5.0</shadowDistance>
<shadowRadius>3.0</shadowRadius>
<shadowAngle>45.0</shadowAngle>
<shadowOpacity>0.7</shadowOpacity>
</ShadowEffect>
</effects>
<autoRotation>HOUR</autoRotation>
<autoRotationDirection>CLOCKWISE</autoRotationDirection>
<autoRotationMultiplier>1</autoRotationMultiplier>
<autoRotationMovement>SMOOTH</autoRotationMovement>
<opacity>1.0</opacity>
<enabled>yes</enabled>
<fillStyle>
<paintStyle>LINEAR_GRADIENT</paintStyle>
<colorPoints>
<point>
<position>0.4764595</position>
<color>#ffffff99</color>
</point>
<point>
<position>1.0</position>
<color>#ff000000</color>
</point>
</colorPoints>
<angle>0.0</angle>
<offsetX>0.0</offsetX>
<offsetY>0.0</offsetY>
<textureScale>1.0</textureScale>
</fillStyle>
<strokeStyle>
<paintStyle>SOLID</paintStyle>
<colorPoints>
<point>
<position>0.0</position>
<color>#ff000000</color>
</point>
<point>
<position>1.0</position>
<color>#ff000000</color>
</point>
</colorPoints>
<angle>0.0</angle>
<offsetX>0.0</offsetX>
<offsetY>0.0</offsetY>
<textureScale>1.0</textureScale>
</strokeStyle>
<thickness>0.0</thickness>
<startAngle>0.0</startAngle>
<sections>
<section>
<top>3.0; 90.0</top>
<bottom>10.0; 0.0</bottom>
<controlPoint>0.0; 0.0</controlPoint>
</section>
</sections>
</HandLayer>
<RectangularLayer>
<type>Rectangle</type>
<name></name>
<center>200.0; 153.0</center>
<middle>8.5; 8.5</middle>
<effects>
</effects>
<autoRotation>NONE</autoRotation>
<autoRotationDirection>CLOCKWISE</autoRotationDirection>
<autoRotationMultiplier>1</autoRotationMultiplier>
<autoRotationMovement>SMOOTH</autoRotationMovement>
<opacity>1.0</opacity>
<enabled>yes</enabled>
<width>15.0</width>
<height>15.0</height>
<rotation>0.0</rotation>
<cornerRadius>800.0</cornerRadius>
<fillStyle>
<paintStyle>RADIAL_GRADIENT</paintStyle>
<colorPoints>
<point>
<position>0.36842105</position>
<color>#ffff0000</color>
</point>
<point>
<position>1.0</position>
<color>#ff000000</color>
</point>
</colorPoints>
<angle>0.0</angle>
<offsetX>0.0</offsetX>
<offsetY>0.0</offsetY>
<textureScale>1.0</textureScale>
</fillStyle>
<strokeStyle>
<paintStyle>SOLID</paintStyle>
<colorPoints>
<point>
<position>0.0</position>
<color>#ffff0000</color>
</point>
<point>
<position>1.0</position>
<color>#ff000000</color>
</point>
</colorPoints>
<angle>0.0</angle>
<offsetX>0.0</offsetX>
<offsetY>0.0</offsetY>
<textureScale>1.0</textureScale>
</strokeStyle>
<thickness>0.0</thickness>
</RectangularLayer>
<ChargingIconLayer>
<type>ChargingIconLayer</type>
<name></name>
<center>174.0; 217.0</center>
<middle>400.0; 400.0</middle>
<effects>
</effects>
<autoRotation>NONE</autoRotation>
<autoRotationDirection>CLOCKWISE</autoRotationDirection>
<autoRotationMultiplier>1</autoRotationMultiplier>
<autoRotationMovement>SMOOTH</autoRotationMovement>
<opacity>1.0</opacity>
<enabled>yes</enabled>
<color>WHITE</color>
</ChargingIconLayer>
<HandLayer>
<type>HandLayer</type>
<name></name>
<center>200.0; 153.0</center>
<middle>400.0; 400.0</middle>
<effects>
</effects>
<autoRotation>SECOND</autoRotation>
<autoRotationDirection>CLOCKWISE</autoRotationDirection>
<autoRotationMultiplier>1</autoRotationMultiplier>
<autoRotationMovement>SMOOTH</autoRotationMovement>
<opacity>1.0</opacity>
<enabled>yes</enabled>
<fillStyle>
<paintStyle>SOLID</paintStyle>
<colorPoints>
<point>
<position>0.0</position>
<color>#ffff0000</color>
</point>
<point>
<position>1.0</position>
<color>#ff000000</color>
</point>
</colorPoints>
<angle>0.0</angle>
<offsetX>0.0</offsetX>
<offsetY>0.0</offsetY>
<textureScale>1.0</textureScale>
</fillStyle>
<strokeStyle>
<paintStyle>SOLID</paintStyle>
<colorPoints>
<point>
<position>0.0</position>
<color>#ffffffff</color>
</point>
<point>
<position>1.0</position>
<color>#ff000000</color>
</point>
</colorPoints>
<angle>0.0</angle>
<offsetX>0.0</offsetX>
<offsetY>0.0</offsetY>
<textureScale>1.0</textureScale>
</strokeStyle>
<thickness>0.0</thickness>
<startAngle>0.0</startAngle>
<sections>
<section>
<top>2.0; 117.7</top>
<bottom>2.0; 0.0</bottom>
<controlPoint>0.0; 0.0</controlPoint>
</section>
</sections>
</HandLayer>
<RectangularLayer>
<type>Rectangle</type>
<name></name>
<center>200.0; 153.0</center>
<middle>2.5; 2.5</middle>
<effects>
</effects>
<autoRotation>NONE</autoRotation>
<autoRotationDirection>CLOCKWISE</autoRotationDirection>
<autoRotationMultiplier>1</autoRotationMultiplier>
<autoRotationMovement>SMOOTH</autoRotationMovement>
<opacity>1.0</opacity>
<enabled>yes</enabled>
<width>3.0</width>
<height>3.0</height>
<rotation>0.0</rotation>
<cornerRadius>800.0</cornerRadius>
<fillStyle>
<paintStyle>SOLID</paintStyle>
<colorPoints>
<point>
<position>0.0</position>
<color>#ff000000</color>
</point>
<point>
<position>1.0</position>
<color>#ff000000</color>
</point>
</colorPoints>
<angle>0.0</angle>
<offsetX>0.0</offsetX>
<offsetY>0.0</offsetY>
<textureScale>1.0</textureScale>
</fillStyle>
<strokeStyle>
<paintStyle>SOLID</paintStyle>
<colorPoints>
<point>
<position>0.0</position>
<color>#ffff0000</color>
</point>
<point>
<position>1.0</position>
<color>#ff000000</color>
</point>
</colorPoints>
<angle>0.0</angle>
<offsetX>0.0</offsetX>
<offsetY>0.0</offsetY>
<textureScale>1.0</textureScale>
</strokeStyle>
<thickness>0.0</thickness>
</RectangularLayer>
<DigitalClockLayer>
<type>Digital Clock</type>
<name></name>
<center>107.0; 296.0</center>
<middle>200.0; 200.0</middle>
<effects>
<ShadowEffect>
<enabled>yes</enabled>
<shadowed>yes</shadowed>
<selfShadowed>no</selfShadowed>
<shadowColor>#ff000000</shadowColor>
<shadowDistance>5.0</shadowDistance>
<shadowRadius>3.0</shadowRadius>
<shadowAngle>45.0</shadowAngle>
<shadowOpacity>0.7</shadowOpacity>
</ShadowEffect>
</effects>
<autoRotation>NONE</autoRotation>
<autoRotationDirection>CLOCKWISE</autoRotationDirection>
<autoRotationMultiplier>1</autoRotationMultiplier>
<autoRotationMovement>SMOOTH</autoRotationMovement>
<opacity>1.0</opacity>
<enabled>yes</enabled>
<font>Arial;28;1</font>
<fillStyle>
<paintStyle>SOLID</paintStyle>
<colorPoints>
<point>
<position>0.0</position>
<color>#ffffff00</color>
</point>
<point>
<position>1.0</position>
<color>#ff000000</color>
</point>
</colorPoints>
<angle>0.0</angle>
<offsetX>0.0</offsetX>
<offsetY>0.0</offsetY>
<textureScale>1.0</textureScale>
</fillStyle>
<strokeStyle>
<paintStyle>SOLID</paintStyle>
<colorPoints>
<point>
<position>0.0</position>
<color>#ff000000</color>
</point>
<point>
<position>1.0</position>
<color>#ff000000</color>
</point>
</colorPoints>
<angle>0.0</angle>
<offsetX>0.0</offsetX>
<offsetY>0.0</offsetY>
<textureScale>1.0</textureScale>
</strokeStyle>
<strokeWidth>0.0</strokeWidth>
<characterSpacing>0.0</characterSpacing>
<clockType>BATTERYLEVEL</clockType>
<angle>0.0</angle>
<imageScaleMethod>NO_RESCALE</imageScaleMethod>
<imageScaleWidth>70.0</imageScaleWidth>
<imageScaleHeight>100.0</imageScaleHeight>
<textAlignment>CENTER</textAlignment>
<textOffset>0.0</textOffset>
<allowEffectsToResizeDigits>no</allowEffectsToResizeDigits>
<values>
<value type="text">0</value>
<value type="text">1</value>
<value type="text">2</value>
<value type="text">3</value>
<value type="text">4</value>
<value type="text">5</value>
<value type="text">6</value>
<value type="text">7</value>
<value type="text">8</value>
<value type="text">9</value>
<value type="text"> </value>
<value type="text">%</value>
</values>
</DigitalClockLayer>
</WatchFaceDesign>
