<WatchFaceDesign width="400" height="400" round="true">
<CircularLayer>
<type>Solid</type>
<name></name>
<center>200.0; 200.0</center>
<middle>201.0; 201.0</middle>
<effects>
</effects>
<autoRotation>NONE</autoRotation>
<autoRotationDirection>CLOCKWISE</autoRotationDirection>
<autoRotationMultiplier>1</autoRotationMultiplier>
<autoRotationMovement>SMOOTH</autoRotationMovement>
<opacity>1.0</opacity>
<enabled>yes</enabled>
<outterRadius>200</outterRadius>
<innerRadius>0</innerRadius>
<fillStyle>
<paintStyle>LINEAR_GRADIENT</paintStyle>
<colorPoints>
<point>
<position>0.2693032</position>
<color>#ff009999</color>
</point>
<point>
<position>1.0</position>
<color>#ff000000</color>
</point>
</colorPoints>
<angle>86.84</angle>
<offsetX>0.0</offsetX>
<offsetY>0.0</offsetY>
<textureScale>1.0</textureScale>
</fillStyle>
<strokeStyle>
<paintStyle>SOLID</paintStyle>
<colorPoints>
<point>
<position>0.0</position>
<color>#ffffffff</color>
</point>
<point>
<position>1.0</position>
<color>#ff000000</color>
</point>
</colorPoints>
<angle>0.0</angle>
<offsetX>0.0</offsetX>
<offsetY>0.0</offsetY>
<textureScale>1.0</textureScale>
</strokeStyle>
<thickness>0.0</thickness>
<startAngle>0.0</startAngle>
<angleSpan>360.0</angleSpan>
</CircularLayer>
<ThreeDeeBezel>
<type>3D Bezel</type>
<name></name>
<center>200.0; 200.0</center>
<middle>201.0; 201.0</middle>
<effects>
<SimpleEmbossEffect>
<enabled>yes</enabled>
<distance>2.0</distance>
<angle>0.0</angle>
<strength>2.0</strength>
</SimpleEmbossEffect>
</effects>
<autoRotation>NONE</autoRotation>
<autoRotationDirection>CLOCKWISE</autoRotationDirection>
<autoRotationMultiplier>1</autoRotationMultiplier>
<autoRotationMovement>SMOOTH</autoRotationMovement>
<opacity>1.0</opacity>
<enabled>yes</enabled>
<radius>200</radius>
<largeWidth>25</largeWidth>
<smallWidth>5</smallWidth>
<color>#ff006666</color>
<lightAngle>45.0</lightAngle>
<effectType>INSIDE_TALL</effectType>
</ThreeDeeBezel>
<PerspectiveTextLayer>
<type>Text</type>
<name></name>
<center>200.0; 201.0</center>
<middle>220.0; 220.0</middle>
<effects>
</effects>
<autoRotation>NONE</autoRotation>
<autoRotationDirection>CLOCKWISE</autoRotationDirection>
<autoRotationMultiplier>1</autoRotationMultiplier>
<autoRotationMovement>SMOOTH</autoRotationMovement>
<opacity>1.0</opacity>
<enabled>yes</enabled>
<radius>178</radius>
<font>Arial;18;1</font>
<fillStyle>
<paintStyle>SOLID</paintStyle>
<colorPoints>
<point>
<position>0.0</position>
<color>#ffffffcc</color>
</point>
<point>
<position>1.0</position>
<color>#ff000000</color>
</point>
</colorPoints>
<angle>0.0</angle>
<offsetX>0.0</offsetX>
<offsetY>0.0</offsetY>
<textureScale>1.0</textureScale>
</fillStyle>
<strokeStyle>
<paintStyle>SOLID</paintStyle>
<colorPoints>
<point>
<position>0.0</position>
<color>#ff000000</color>
</point>
<point>
<position>1.0</position>
<color>#ff000000</color>
</point>
</colorPoints>
<angle>0.0</angle>
<offsetX>0.0</offsetX>
<offsetY>0.0</offsetY>
<textureScale>1.0</textureScale>
</strokeStyle>
<strokeWidth>0.0</strokeWidth>
<rotatedTextSpacing>0.0</rotatedTextSpacing>
<squarify>0.0</squarify>
<startAngle>0.0</startAngle>
<angleSpan>360.0</angleSpan>
<numbers>PRO,LED,&#xda;N,B&#x158;E,DUB,KV&#x11a;,&#x10c;ER,&#x10c;RV,SRP,Z&#xc1;&#x158;,&#x158;&#xcd;J,LIS</numbers>
<rotationStyle>ALWAYS</rotationStyle>
<textSlant>0.0</textSlant>
<perspectiveAngle>0.0</perspectiveAngle>
<locationRelativeToRadius>DEFAULT</locationRelativeToRadius>
</PerspectiveTextLayer>
<PerspectiveTextLayer>
<type>Text</type>
<name></name>
<center>200.0; 200.0</center>
<middle>283.0; 283.0</middle>
<effects>
</effects>
<autoRotation>MONTH</autoRotation>
<autoRotationDirection>CLOCKWISE</autoRotationDirection>
<autoRotationMultiplier>1</autoRotationMultiplier>
<autoRotationMovement>SMOOTH</autoRotationMovement>
<opacity>1.0</opacity>
<enabled>yes</enabled>
<radius>185</radius>
<font>Arial;48;1</font>
<fillStyle>
<paintStyle>SOLID</paintStyle>
<colorPoints>
<point>
<position>0.0</position>
<color>#ffff0000</color>
</point>
<point>
<position>1.0</position>
<color>#ff000000</color>
</point>
</colorPoints>
<angle>0.0</angle>
<offsetX>0.0</offsetX>
<offsetY>0.0</offsetY>
<textureScale>1.0</textureScale>
</fillStyle>
<strokeStyle>
<paintStyle>SOLID</paintStyle>
<colorPoints>
<point>
<position>0.0</position>
<color>#ff000000</color>
</point>
<point>
<position>1.0</position>
<color>#ff000000</color>
</point>
</colorPoints>
<angle>0.0</angle>
<offsetX>0.0</offsetX>
<offsetY>0.0</offsetY>
<textureScale>1.0</textureScale>
</strokeStyle>
<strokeWidth>0.0</strokeWidth>
<rotatedTextSpacing>0.0</rotatedTextSpacing>
<squarify>0.0</squarify>
<startAngle>0.0</startAngle>
<angleSpan>360.0</angleSpan>
<numbers>(     )</numbers>
<rotationStyle>ALWAYS</rotationStyle>
<textSlant>0.0</textSlant>
<perspectiveAngle>0.0</perspectiveAngle>
<locationRelativeToRadius>DEFAULT</locationRelativeToRadius>
</PerspectiveTextLayer>
<RectangularLayer>
<type>Rectangle</type>
<name></name>
<center>200.0; 309.0</center>
<middle>101.0; 51.0</middle>
<effects>
<EmbossEffect>
<enabled>yes</enabled>
<embossSoftness>5.0</embossSoftness>
<embossHeight>3.0</embossHeight>
<embossElevation>3.0</embossElevation>
<embossLightAngle>45.0</embossLightAngle>
<embossBumpSource>TRANSPARENCY</embossBumpSource>
<mapOffsetX>0.0</mapOffsetX>
<mapOffsetY>0.0</mapOffsetY>
<mapScale>1.0</mapScale>
<bumpMethod>STANDARD</bumpMethod>
<maxDistance>10</maxDistance>
<blurLevel>2.0</blurLevel>
<bumpSide>INSIDE_AND_OUTSIDE</bumpSide>
<MappingFunction>
<Point>0.0; 0.0</Point>
<Point>1.0; 1.0</Point>
</MappingFunction>
<lightColor>#ffffffff</lightColor>
<secondLightEnabled>no</secondLightEnabled>
<secondLightElevation>90.0</secondLightElevation>
<secondLightAngle>45.0</secondLightAngle>
<secondLightIntensity>0.5</secondLightIntensity>
<secondLightType>AMBIENT</secondLightType>
<secondLightColor>#ffffffff</secondLightColor>
</EmbossEffect>
</effects>
<autoRotation>NONE</autoRotation>
<autoRotationDirection>CLOCKWISE</autoRotationDirection>
<autoRotationMultiplier>1</autoRotationMultiplier>
<autoRotationMovement>SMOOTH</autoRotationMovement>
<opacity>1.0</opacity>
<enabled>yes</enabled>
<width>200.0</width>
<height>100.0</height>
<rotation>0.0</rotation>
<cornerRadius>313.1</cornerRadius>
<fillStyle>
<paintStyle>SOLID</paintStyle>
<colorPoints>
<point>
<position>0.0</position>
<color>#ff00ffff</color>
</point>
<point>
<position>1.0</position>
<color>#ff000000</color>
</point>
</colorPoints>
<angle>0.0</angle>
<offsetX>0.0</offsetX>
<offsetY>0.0</offsetY>
<textureScale>1.0</textureScale>
</fillStyle>
<strokeStyle>
<paintStyle>SOLID</paintStyle>
<colorPoints>
<point>
<position>0.0</position>
<color>#ffff0000</color>
</point>
<point>
<position>1.0</position>
<color>#ff000000</color>
</point>
</colorPoints>
<angle>0.0</angle>
<offsetX>0.0</offsetX>
<offsetY>0.0</offsetY>
<textureScale>1.0</textureScale>
</strokeStyle>
<thickness>0.0</thickness>
</RectangularLayer>
<DigitalClockLayer>
<type>Digital Clock</type>
<name></name>
<center>200.0; 178.0</center>
<middle>200.0; 200.0</middle>
<effects>
<ShadowEffect>
<enabled>yes</enabled>
<shadowed>yes</shadowed>
<selfShadowed>no</selfShadowed>
<shadowColor>#ff000000</shadowColor>
<shadowDistance>5.0</shadowDistance>
<shadowRadius>3.0</shadowRadius>
<shadowAngle>45.0</shadowAngle>
<shadowOpacity>0.7</shadowOpacity>
</ShadowEffect>
</effects>
<autoRotation>NONE</autoRotation>
<autoRotationDirection>CLOCKWISE</autoRotationDirection>
<autoRotationMultiplier>1</autoRotationMultiplier>
<autoRotationMovement>SMOOTH</autoRotationMovement>
<opacity>1.0</opacity>
<enabled>yes</enabled>
<font>Agency FB;145;1</font>
<fillStyle>
<paintStyle>SOLID</paintStyle>
<colorPoints>
<point>
<position>0.0</position>
<color>#ffffffff</color>
</point>
<point>
<position>1.0</position>
<color>#ff000000</color>
</point>
</colorPoints>
<angle>0.0</angle>
<offsetX>0.0</offsetX>
<offsetY>0.0</offsetY>
<textureScale>1.0</textureScale>
</fillStyle>
<strokeStyle>
<paintStyle>SOLID</paintStyle>
<colorPoints>
<point>
<position>0.0</position>
<color>#ff000000</color>
</point>
<point>
<position>1.0</position>
<color>#ff000000</color>
</point>
</colorPoints>
<angle>0.0</angle>
<offsetX>0.0</offsetX>
<offsetY>0.0</offsetY>
<textureScale>1.0</textureScale>
</strokeStyle>
<strokeWidth>0.0</strokeWidth>
<characterSpacing>0.0</characterSpacing>
<clockType>HOUR_MINUTE</clockType>
<angle>0.0</angle>
<imageScaleMethod>NO_RESCALE</imageScaleMethod>
<imageScaleWidth>70.0</imageScaleWidth>
<imageScaleHeight>100.0</imageScaleHeight>
<textAlignment>CENTER</textAlignment>
<textOffset>0.0</textOffset>
<allowEffectsToResizeDigits>no</allowEffectsToResizeDigits>
<values>
<value type="text">0</value>
<value type="text">1</value>
<value type="text">2</value>
<value type="text">3</value>
<value type="text">4</value>
<value type="text">5</value>
<value type="text">6</value>
<value type="text">7</value>
<value type="text">8</value>
<value type="text">9</value>
<value type="text">:</value>
<value type="text"></value>
<value type="text"></value>
</values>
</DigitalClockLayer>
<RectangularLayer>
<type>Rectangle</type>
<name></name>
<center>241.0; 313.0</center>
<middle>51.0; 36.0</middle>
<effects>
<EmbossEffect>
<enabled>yes</enabled>
<embossSoftness>5.0</embossSoftness>
<embossHeight>3.0</embossHeight>
<embossElevation>3.0</embossElevation>
<embossLightAngle>45.0</embossLightAngle>
<embossBumpSource>TRANSPARENCY</embossBumpSource>
<mapOffsetX>0.0</mapOffsetX>
<mapOffsetY>0.0</mapOffsetY>
<mapScale>1.0</mapScale>
<bumpMethod>STANDARD</bumpMethod>
<maxDistance>10</maxDistance>
<blurLevel>2.0</blurLevel>
<bumpSide>INSIDE_AND_OUTSIDE</bumpSide>
<MappingFunction>
<Point>0.0; 0.0</Point>
<Point>1.0; 1.0</Point>
</MappingFunction>
<lightColor>#ffffffff</lightColor>
<secondLightEnabled>no</secondLightEnabled>
<secondLightElevation>90.0</secondLightElevation>
<secondLightAngle>45.0</secondLightAngle>
<secondLightIntensity>0.5</secondLightIntensity>
<secondLightType>AMBIENT</secondLightType>
<secondLightColor>#ffffffff</secondLightColor>
</EmbossEffect>
</effects>
<autoRotation>NONE</autoRotation>
<autoRotationDirection>CLOCKWISE</autoRotationDirection>
<autoRotationMultiplier>1</autoRotationMultiplier>
<autoRotationMovement>SMOOTH</autoRotationMovement>
<opacity>1.0</opacity>
<enabled>yes</enabled>
<width>100.0</width>
<height>70.0</height>
<rotation>0.0</rotation>
<cornerRadius>800.0</cornerRadius>
<fillStyle>
<paintStyle>SOLID</paintStyle>
<colorPoints>
<point>
<position>0.0</position>
<color>#ff00cccc</color>
</point>
<point>
<position>1.0</position>
<color>#ff000000</color>
</point>
</colorPoints>
<angle>0.0</angle>
<offsetX>0.0</offsetX>
<offsetY>0.0</offsetY>
<textureScale>1.0</textureScale>
</fillStyle>
<strokeStyle>
<paintStyle>SOLID</paintStyle>
<colorPoints>
<point>
<position>0.0</position>
<color>#ffff0000</color>
</point>
<point>
<position>1.0</position>
<color>#ff000000</color>
</point>
</colorPoints>
<angle>0.0</angle>
<offsetX>0.0</offsetX>
<offsetY>0.0</offsetY>
<textureScale>1.0</textureScale>
</strokeStyle>
<thickness>0.0</thickness>
</RectangularLayer>
<DigitalClockLayer>
<type>Digital Clock</type>
<name></name>
<center>242.0; 317.0</center>
<middle>200.0; 200.0</middle>
<effects>
<ShadowEffect>
<enabled>yes</enabled>
<shadowed>yes</shadowed>
<selfShadowed>no</selfShadowed>
<shadowColor>#ff000000</shadowColor>
<shadowDistance>5.0</shadowDistance>
<shadowRadius>3.0</shadowRadius>
<shadowAngle>45.0</shadowAngle>
<shadowOpacity>0.7</shadowOpacity>
</ShadowEffect>
</effects>
<autoRotation>NONE</autoRotation>
<autoRotationDirection>CLOCKWISE</autoRotationDirection>
<autoRotationMultiplier>1</autoRotationMultiplier>
<autoRotationMovement>SMOOTH</autoRotationMovement>
<opacity>1.0</opacity>
<enabled>yes</enabled>
<font>Arial Rounded MT Bold;48;1</font>
<fillStyle>
<paintStyle>SOLID</paintStyle>
<colorPoints>
<point>
<position>0.0</position>
<color>#ffffffff</color>
</point>
<point>
<position>1.0</position>
<color>#ff000000</color>
</point>
</colorPoints>
<angle>0.0</angle>
<offsetX>0.0</offsetX>
<offsetY>0.0</offsetY>
<textureScale>1.0</textureScale>
</fillStyle>
<strokeStyle>
<paintStyle>SOLID</paintStyle>
<colorPoints>
<point>
<position>0.0</position>
<color>#ff000000</color>
</point>
<point>
<position>1.0</position>
<color>#ff000000</color>
</point>
</colorPoints>
<angle>0.0</angle>
<offsetX>0.0</offsetX>
<offsetY>0.0</offsetY>
<textureScale>1.0</textureScale>
</strokeStyle>
<strokeWidth>0.0</strokeWidth>
<characterSpacing>0.0</characterSpacing>
<clockType>DAY</clockType>
<angle>0.0</angle>
<imageScaleMethod>NO_RESCALE</imageScaleMethod>
<imageScaleWidth>70.0</imageScaleWidth>
<imageScaleHeight>100.0</imageScaleHeight>
<textAlignment>CENTER</textAlignment>
<textOffset>0.0</textOffset>
<allowEffectsToResizeDigits>no</allowEffectsToResizeDigits>
<values>
<value type="text">0</value>
<value type="text">1</value>
<value type="text">2</value>
<value type="text">3</value>
<value type="text">4</value>
<value type="text">5</value>
<value type="text">6</value>
<value type="text">7</value>
<value type="text">8</value>
<value type="text">9</value>
</values>
</DigitalClockLayer>
<RectangularLayer>
<type>Rectangle</type>
<name></name>
<center>201.0; 101.0</center>
<middle>126.0; 16.0</middle>
<effects>
<EmbossEffect>
<enabled>yes</enabled>
<embossSoftness>5.0</embossSoftness>
<embossHeight>3.0</embossHeight>
<embossElevation>3.0</embossElevation>
<embossLightAngle>45.0</embossLightAngle>
<embossBumpSource>TRANSPARENCY</embossBumpSource>
<mapOffsetX>0.0</mapOffsetX>
<mapOffsetY>0.0</mapOffsetY>
<mapScale>1.0</mapScale>
<bumpMethod>STANDARD</bumpMethod>
<maxDistance>10</maxDistance>
<blurLevel>2.0</blurLevel>
<bumpSide>INSIDE_AND_OUTSIDE</bumpSide>
<MappingFunction>
<Point>0.0; 0.0</Point>
<Point>1.0; 1.0</Point>
</MappingFunction>
<lightColor>#ff00cccc</lightColor>
<secondLightEnabled>no</secondLightEnabled>
<secondLightElevation>90.0</secondLightElevation>
<secondLightAngle>45.0</secondLightAngle>
<secondLightIntensity>0.5</secondLightIntensity>
<secondLightType>AMBIENT</secondLightType>
<secondLightColor>#ffffffff</secondLightColor>
</EmbossEffect>
</effects>
<autoRotation>NONE</autoRotation>
<autoRotationDirection>CLOCKWISE</autoRotationDirection>
<autoRotationMultiplier>1</autoRotationMultiplier>
<autoRotationMovement>SMOOTH</autoRotationMovement>
<opacity>1.0</opacity>
<enabled>yes</enabled>
<width>250.0</width>
<height>30.0</height>
<rotation>0.0</rotation>
<cornerRadius>41.4</cornerRadius>
<fillStyle>
<paintStyle>SOLID</paintStyle>
<colorPoints>
<point>
<position>0.0</position>
<color>#ff00ffff</color>
</point>
<point>
<position>1.0</position>
<color>#ff000000</color>
</point>
</colorPoints>
<angle>0.0</angle>
<offsetX>0.0</offsetX>
<offsetY>0.0</offsetY>
<textureScale>1.0</textureScale>
</fillStyle>
<strokeStyle>
<paintStyle>SOLID</paintStyle>
<colorPoints>
<point>
<position>0.0</position>
<color>#ffff0000</color>
</point>
<point>
<position>1.0</position>
<color>#ff000000</color>
</point>
</colorPoints>
<angle>0.0</angle>
<offsetX>0.0</offsetX>
<offsetY>0.0</offsetY>
<textureScale>1.0</textureScale>
</strokeStyle>
<thickness>0.0</thickness>
</RectangularLayer>
<DigitalClockLayer>
<type>Digital Clock</type>
<name></name>
<center>200.0; 105.0</center>
<middle>200.0; 200.0</middle>
<effects>
<ShadowEffect>
<enabled>yes</enabled>
<shadowed>yes</shadowed>
<selfShadowed>no</selfShadowed>
<shadowColor>#ff000000</shadowColor>
<shadowDistance>5.0</shadowDistance>
<shadowRadius>3.0</shadowRadius>
<shadowAngle>45.0</shadowAngle>
<shadowOpacity>0.7</shadowOpacity>
</ShadowEffect>
</effects>
<autoRotation>NONE</autoRotation>
<autoRotationDirection>CLOCKWISE</autoRotationDirection>
<autoRotationMultiplier>1</autoRotationMultiplier>
<autoRotationMovement>SMOOTH</autoRotationMovement>
<opacity>1.0</opacity>
<enabled>yes</enabled>
<font>Arial;18;1</font>
<fillStyle>
<paintStyle>SOLID</paintStyle>
<colorPoints>
<point>
<position>0.0</position>
<color>#ffffffff</color>
</point>
<point>
<position>1.0</position>
<color>#ff000000</color>
</point>
</colorPoints>
<angle>0.0</angle>
<offsetX>0.0</offsetX>
<offsetY>0.0</offsetY>
<textureScale>1.0</textureScale>
</fillStyle>
<strokeStyle>
<paintStyle>SOLID</paintStyle>
<colorPoints>
<point>
<position>0.0</position>
<color>#ff000000</color>
</point>
<point>
<position>1.0</position>
<color>#ff000000</color>
</point>
</colorPoints>
<angle>0.0</angle>
<offsetX>0.0</offsetX>
<offsetY>0.0</offsetY>
<textureScale>1.0</textureScale>
</strokeStyle>
<strokeWidth>0.0</strokeWidth>
<characterSpacing>0.0</characterSpacing>
<clockType>WEEKDAY</clockType>
<angle>0.0</angle>
<imageScaleMethod>NO_RESCALE</imageScaleMethod>
<imageScaleWidth>70.0</imageScaleWidth>
<imageScaleHeight>100.0</imageScaleHeight>
<textAlignment>CENTER</textAlignment>
<textOffset>0.0</textOffset>
<allowEffectsToResizeDigits>no</allowEffectsToResizeDigits>
<values>
<value type="text">NED&#x11a;LE</value>
<value type="text">POND&#x11a;L&#xcd;</value>
<value type="text">&#xda;TER&#xdd;</value>
<value type="text">ST&#x158;EDA</value>
<value type="text">&#x10c;TVRTEK</value>
<value type="text">P&#xc1;TEK</value>
<value type="text">SOBOTA</value>
</values>
</DigitalClockLayer>
<DigitalClockLayer>
<type>Digital Clock</type>
<name></name>
<center>137.0; 313.0</center>
<middle>200.0; 200.0</middle>
<effects>
<ShadowEffect>
<enabled>yes</enabled>
<shadowed>yes</shadowed>
<selfShadowed>no</selfShadowed>
<shadowColor>#ff000000</shadowColor>
<shadowDistance>5.0</shadowDistance>
<shadowRadius>3.0</shadowRadius>
<shadowAngle>45.0</shadowAngle>
<shadowOpacity>0.7</shadowOpacity>
</ShadowEffect>
</effects>
<autoRotation>NONE</autoRotation>
<autoRotationDirection>CLOCKWISE</autoRotationDirection>
<autoRotationMultiplier>1</autoRotationMultiplier>
<autoRotationMovement>SMOOTH</autoRotationMovement>
<opacity>1.0</opacity>
<enabled>yes</enabled>
<font>Arial Rounded MT Bold;24;1</font>
<fillStyle>
<paintStyle>SOLID</paintStyle>
<colorPoints>
<point>
<position>0.0</position>
<color>#ffffffff</color>
</point>
<point>
<position>1.0</position>
<color>#ff000000</color>
</point>
</colorPoints>
<angle>0.0</angle>
<offsetX>0.0</offsetX>
<offsetY>0.0</offsetY>
<textureScale>1.0</textureScale>
</fillStyle>
<strokeStyle>
<paintStyle>SOLID</paintStyle>
<colorPoints>
<point>
<position>0.0</position>
<color>#ff000000</color>
</point>
<point>
<position>1.0</position>
<color>#ff000000</color>
</point>
</colorPoints>
<angle>0.0</angle>
<offsetX>0.0</offsetX>
<offsetY>0.0</offsetY>
<textureScale>1.0</textureScale>
</strokeStyle>
<strokeWidth>0.0</strokeWidth>
<characterSpacing>0.0</characterSpacing>
<clockType>BATTERYLEVEL</clockType>
<angle>0.0</angle>
<imageScaleMethod>NO_RESCALE</imageScaleMethod>
<imageScaleWidth>70.0</imageScaleWidth>
<imageScaleHeight>100.0</imageScaleHeight>
<textAlignment>CENTER</textAlignment>
<textOffset>0.0</textOffset>
<allowEffectsToResizeDigits>no</allowEffectsToResizeDigits>
<values>
<value type="text">0</value>
<value type="text">1</value>
<value type="text">2</value>
<value type="text">3</value>
<value type="text">4</value>
<value type="text">5</value>
<value type="text">6</value>
<value type="text">7</value>
<value type="text">8</value>
<value type="text">9</value>
<value type="text"> </value>
<value type="text">%</value>
</values>
</DigitalClockLayer>
<DigitalClockLayer>
<type>Digital Clock</type>
<name></name>
<center>200.0; 138.0</center>
<middle>200.0; 200.0</middle>
<effects>
<ShadowEffect>
<enabled>yes</enabled>
<shadowed>yes</shadowed>
<selfShadowed>no</selfShadowed>
<shadowColor>#ff000000</shadowColor>
<shadowDistance>5.0</shadowDistance>
<shadowRadius>3.0</shadowRadius>
<shadowAngle>45.0</shadowAngle>
<shadowOpacity>0.7</shadowOpacity>
</ShadowEffect>
</effects>
<autoRotation>NONE</autoRotation>
<autoRotationDirection>CLOCKWISE</autoRotationDirection>
<autoRotationMultiplier>1</autoRotationMultiplier>
<autoRotationMovement>SMOOTH</autoRotationMovement>
<opacity>1.0</opacity>
<enabled>yes</enabled>
<font>Agency FB;28;1</font>
<fillStyle>
<paintStyle>SOLID</paintStyle>
<colorPoints>
<point>
<position>0.0</position>
<color>#ffffffff</color>
</point>
<point>
<position>1.0</position>
<color>#ff000000</color>
</point>
</colorPoints>
<angle>0.0</angle>
<offsetX>0.0</offsetX>
<offsetY>0.0</offsetY>
<textureScale>1.0</textureScale>
</fillStyle>
<strokeStyle>
<paintStyle>SOLID</paintStyle>
<colorPoints>
<point>
<position>0.0</position>
<color>#ff000000</color>
</point>
<point>
<position>1.0</position>
<color>#ff000000</color>
</point>
</colorPoints>
<angle>0.0</angle>
<offsetX>0.0</offsetX>
<offsetY>0.0</offsetY>
<textureScale>1.0</textureScale>
</strokeStyle>
<strokeWidth>0.0</strokeWidth>
<characterSpacing>0.0</characterSpacing>
<clockType>SECOND</clockType>
<angle>0.0</angle>
<imageScaleMethod>NO_RESCALE</imageScaleMethod>
<imageScaleWidth>70.0</imageScaleWidth>
<imageScaleHeight>100.0</imageScaleHeight>
<textAlignment>CENTER</textAlignment>
<textOffset>0.0</textOffset>
<allowEffectsToResizeDigits>no</allowEffectsToResizeDigits>
<values>
<value type="text">0</value>
<value type="text">1</value>
<value type="text">2</value>
<value type="text">3</value>
<value type="text">4</value>
<value type="text">5</value>
<value type="text">6</value>
<value type="text">7</value>
<value type="text">8</value>
<value type="text">9</value>
</values>
</DigitalClockLayer>
<ChargingIconLayer>
<type>ChargingIconLayer</type>
<name></name>
<center>276.0; 252.0</center>
<middle>400.0; 400.0</middle>
<effects>
</effects>
<autoRotation>NONE</autoRotation>
<autoRotationDirection>CLOCKWISE</autoRotationDirection>
<autoRotationMultiplier>1</autoRotationMultiplier>
<autoRotationMovement>SMOOTH</autoRotationMovement>
<opacity>1.0</opacity>
<enabled>yes</enabled>
<color>WHITE</color>
</ChargingIconLayer>
<PerspectiveTextLayer>
<type>Text</type>
<name></name>
<center>200.0; 200.0</center>
<middle>244.0; 244.0</middle>
<effects>
<EmbossEffect>
<enabled>yes</enabled>
<embossSoftness>5.0</embossSoftness>
<embossHeight>3.0</embossHeight>
<embossElevation>3.0</embossElevation>
<embossLightAngle>45.0</embossLightAngle>
<embossBumpSource>TRANSPARENCY</embossBumpSource>
<mapOffsetX>0.0</mapOffsetX>
<mapOffsetY>0.0</mapOffsetY>
<mapScale>1.0</mapScale>
<bumpMethod>STANDARD</bumpMethod>
<maxDistance>10</maxDistance>
<blurLevel>2.0</blurLevel>
<bumpSide>INSIDE_AND_OUTSIDE</bumpSide>
<MappingFunction>
<Point>0.0; 0.0</Point>
<Point>1.0; 1.0</Point>
</MappingFunction>
<lightColor>#ffffffcc</lightColor>
<secondLightEnabled>yes</secondLightEnabled>
<secondLightElevation>90.0</secondLightElevation>
<secondLightAngle>45.0</secondLightAngle>
<secondLightIntensity>1.0</secondLightIntensity>
<secondLightType>AMBIENT</secondLightType>
<secondLightColor>#ffffffff</secondLightColor>
</EmbossEffect>
</effects>
<autoRotation>NONE</autoRotation>
<autoRotationDirection>CLOCKWISE</autoRotationDirection>
<autoRotationMultiplier>1</autoRotationMultiplier>
<autoRotationMovement>SMOOTH</autoRotationMovement>
<opacity>1.0</opacity>
<enabled>yes</enabled>
<radius>118</radius>
<font>Arial Rounded MT Bold;28;1</font>
<fillStyle>
<paintStyle>SOLID</paintStyle>
<colorPoints>
<point>
<position>0.0</position>
<color>#ffffffcc</color>
</point>
<point>
<position>1.0</position>
<color>#ff000000</color>
</point>
</colorPoints>
<angle>0.0</angle>
<offsetX>0.0</offsetX>
<offsetY>0.0</offsetY>
<textureScale>1.0</textureScale>
</fillStyle>
<strokeStyle>
<paintStyle>SOLID</paintStyle>
<colorPoints>
<point>
<position>0.0</position>
<color>#ff999900</color>
</point>
<point>
<position>1.0</position>
<color>#ff000000</color>
</point>
</colorPoints>
<angle>0.0</angle>
<offsetX>0.0</offsetX>
<offsetY>0.0</offsetY>
<textureScale>1.0</textureScale>
</strokeStyle>
<strokeWidth>0.0</strokeWidth>
<rotatedTextSpacing>0.0</rotatedTextSpacing>
<squarify>0.0</squarify>
<startAngle>0.0</startAngle>
<angleSpan>360.0</angleSpan>
<numbers>SLAVEK</numbers>
<rotationStyle>NONE</rotationStyle>
<textSlant>0.0</textSlant>
<perspectiveAngle>-30.57</perspectiveAngle>
<locationRelativeToRadius>DEFAULT</locationRelativeToRadius>
</PerspectiveTextLayer>
</WatchFaceDesign>
