<WatchFaceDesign width="400" height="400" round="true">
<RectangularLayer>
<type>Rectangle</type>
<name></name>
<center>200.0; 200.0</center>
<middle>201.0; 201.0</middle>
<effects>
<BrushedEffect>
<enabled>yes</enabled>
<brushType>RADIAL</brushType>
<shininess>0.93</shininess>
<shininessAngle>180.0</shininessAngle>
<spreadFactor>0.72</spreadFactor>
<brushStrength>0</brushStrength>
<brushDepth>0.03</brushDepth>
<brushAngle>0.0</brushAngle>
</BrushedEffect>
</effects>
<autoRotation>NONE</autoRotation>
<autoRotationDirection>CLOCKWISE</autoRotationDirection>
<autoRotationMultiplier>1</autoRotationMultiplier>
<autoRotationMovement>SMOOTH</autoRotationMovement>
<opacity>1.0</opacity>
<enabled>yes</enabled>
<width>400.0</width>
<height>400.0</height>
<rotation>0.0</rotation>
<cornerRadius>0.0</cornerRadius>
<fillStyle>
<paintStyle>RADIAL_GRADIENT</paintStyle>
<colorPoints>
<point>
<position>0.05639098</position>
<color>#ffffffff</color>
</point>
<point>
<position>0.9962406</position>
<color>#ff000000</color>
</point>
</colorPoints>
<angle>0.0</angle>
<offsetX>0.0</offsetX>
<offsetY>0.0</offsetY>
<textureScale>1.0</textureScale>
</fillStyle>
<strokeStyle>
<paintStyle>SOLID</paintStyle>
<colorPoints>
<point>
<position>0.0</position>
<color>#ffcccccc</color>
</point>
<point>
<position>1.0</position>
<color>#ff000000</color>
</point>
</colorPoints>
<angle>0.0</angle>
<offsetX>0.0</offsetX>
<offsetY>0.0</offsetY>
<textureScale>1.0</textureScale>
</strokeStyle>
<thickness>0.0</thickness>
</RectangularLayer>
<RectangularLayer>
<type>Rectangle</type>
<name></name>
<center>200.0; 200.0</center>
<middle>151.0; 61.0</middle>
<effects>
<EmbossEffect>
<enabled>yes</enabled>
<embossSoftness>5.0</embossSoftness>
<embossHeight>35.35</embossHeight>
<embossElevation>7.89</embossElevation>
<embossLightAngle>94.16</embossLightAngle>
<embossBumpSource>TRANSPARENCY</embossBumpSource>
<mapOffsetX>0.0</mapOffsetX>
<mapOffsetY>0.0</mapOffsetY>
<mapScale>1.0</mapScale>
<bumpMethod>STANDARD</bumpMethod>
<maxDistance>10</maxDistance>
<blurLevel>2.0</blurLevel>
<bumpSide>INSIDE_AND_OUTSIDE</bumpSide>
<MappingFunction>
<Point>0.0; 0.0</Point>
<Point>1.0; 1.0</Point>
</MappingFunction>
<lightColor>#ffffffff</lightColor>
<secondLightEnabled>no</secondLightEnabled>
<secondLightElevation>90.0</secondLightElevation>
<secondLightAngle>45.0</secondLightAngle>
<secondLightIntensity>0.5</secondLightIntensity>
<secondLightType>AMBIENT</secondLightType>
<secondLightColor>#ffffffff</secondLightColor>
</EmbossEffect>
<BubbleEffect>
<enabled>yes</enabled>
<strength>0.37</strength>
</BubbleEffect>
</effects>
<autoRotation>NONE</autoRotation>
<autoRotationDirection>CLOCKWISE</autoRotationDirection>
<autoRotationMultiplier>1</autoRotationMultiplier>
<autoRotationMovement>SMOOTH</autoRotationMovement>
<opacity>1.0</opacity>
<enabled>yes</enabled>
<width>300.0</width>
<height>120.0</height>
<rotation>0.0</rotation>
<cornerRadius>39.1</cornerRadius>
<fillStyle>
<paintStyle>SOLID</paintStyle>
<colorPoints>
<point>
<position>0.0</position>
<color>#ff999999</color>
</point>
<point>
<position>1.0</position>
<color>#ff000000</color>
</point>
</colorPoints>
<angle>0.0</angle>
<offsetX>0.0</offsetX>
<offsetY>0.0</offsetY>
<textureScale>1.0</textureScale>
</fillStyle>
<strokeStyle>
<paintStyle>SOLID</paintStyle>
<colorPoints>
<point>
<position>0.0</position>
<color>#ffff0000</color>
</point>
<point>
<position>1.0</position>
<color>#ff000000</color>
</point>
</colorPoints>
<angle>0.0</angle>
<offsetX>0.0</offsetX>
<offsetY>0.0</offsetY>
<textureScale>1.0</textureScale>
</strokeStyle>
<thickness>0.0</thickness>
</RectangularLayer>
<PerspectiveTextLayer>
<type>Text</type>
<name></name>
<center>200.0; 261.0</center>
<middle>310.0; 310.0</middle>
<effects>
<SimpleEmbossEffect>
<enabled>yes</enabled>
<distance>2.0</distance>
<angle>0.0</angle>
<strength>2.0</strength>
</SimpleEmbossEffect>
</effects>
<autoRotation>NONE</autoRotation>
<autoRotationDirection>CLOCKWISE</autoRotationDirection>
<autoRotationMultiplier>1</autoRotationMultiplier>
<autoRotationMovement>SMOOTH</autoRotationMovement>
<opacity>1.0</opacity>
<enabled>yes</enabled>
<radius>142</radius>
<font>Bell MT;42;1</font>
<fillStyle>
<paintStyle>SOLID</paintStyle>
<colorPoints>
<point>
<position>0.0</position>
<color>#ffff0000</color>
</point>
<point>
<position>1.0</position>
<color>#ff000000</color>
</point>
</colorPoints>
<angle>0.0</angle>
<offsetX>0.0</offsetX>
<offsetY>0.0</offsetY>
<textureScale>1.0</textureScale>
</fillStyle>
<strokeStyle>
<paintStyle>SOLID</paintStyle>
<colorPoints>
<point>
<position>0.0</position>
<color>#ffffffff</color>
</point>
<point>
<position>1.0</position>
<color>#ff000000</color>
</point>
</colorPoints>
<angle>0.0</angle>
<offsetX>0.0</offsetX>
<offsetY>0.0</offsetY>
<textureScale>1.0</textureScale>
</strokeStyle>
<strokeWidth>0.0</strokeWidth>
<rotatedTextSpacing>0.0</rotatedTextSpacing>
<squarify>0.0</squarify>
<startAngle>0.0</startAngle>
<angleSpan>360.0</angleSpan>
<numbers>SLAVEK</numbers>
<rotationStyle>NONE</rotationStyle>
<textSlant>0.0</textSlant>
<perspectiveAngle>-33.92</perspectiveAngle>
<locationRelativeToRadius>DEFAULT</locationRelativeToRadius>
</PerspectiveTextLayer>
<DigitalClockLayer>
<type>Digital Clock</type>
<name></name>
<center>200.0; 201.0</center>
<middle>200.0; 200.0</middle>
<effects>
<ShadowEffect>
<enabled>yes</enabled>
<shadowed>yes</shadowed>
<selfShadowed>no</selfShadowed>
<shadowColor>#ff000000</shadowColor>
<shadowDistance>5.0</shadowDistance>
<shadowRadius>3.0</shadowRadius>
<shadowAngle>95.82</shadowAngle>
<shadowOpacity>0.7</shadowOpacity>
</ShadowEffect>
<SimpleEmbossEffect>
<enabled>yes</enabled>
<distance>2.0</distance>
<angle>0.0</angle>
<strength>1.0</strength>
</SimpleEmbossEffect>
</effects>
<autoRotation>NONE</autoRotation>
<autoRotationDirection>CLOCKWISE</autoRotationDirection>
<autoRotationMultiplier>1</autoRotationMultiplier>
<autoRotationMovement>SMOOTH</autoRotationMovement>
<opacity>1.0</opacity>
<enabled>yes</enabled>
<font>Arial;130;1</font>
<fillStyle>
<paintStyle>SOLID</paintStyle>
<colorPoints>
<point>
<position>0.14500941</position>
<color>#ffcccccc</color>
</point>
<point>
<position>1.0</position>
<color>#ff000000</color>
</point>
</colorPoints>
<angle>0.0</angle>
<offsetX>0.0</offsetX>
<offsetY>0.0</offsetY>
<textureScale>1.0</textureScale>
</fillStyle>
<strokeStyle>
<paintStyle>SOLID</paintStyle>
<colorPoints>
<point>
<position>0.0</position>
<color>#ff333333</color>
</point>
<point>
<position>1.0</position>
<color>#ff000000</color>
</point>
</colorPoints>
<angle>0.0</angle>
<offsetX>0.0</offsetX>
<offsetY>0.0</offsetY>
<textureScale>1.0</textureScale>
</strokeStyle>
<strokeWidth>0.0</strokeWidth>
<characterSpacing>-0.09</characterSpacing>
<clockType>HOUR_MINUTE</clockType>
<angle>0.0</angle>
<imageScaleMethod>NO_RESCALE</imageScaleMethod>
<imageScaleWidth>70.0</imageScaleWidth>
<imageScaleHeight>100.0</imageScaleHeight>
<textAlignment>CENTER</textAlignment>
<textOffset>0.0</textOffset>
<allowEffectsToResizeDigits>no</allowEffectsToResizeDigits>
<values>
<value type="text">0</value>
<value type="text">1</value>
<value type="text">2</value>
<value type="text">3</value>
<value type="text">4</value>
<value type="text">5</value>
<value type="text">6</value>
<value type="text">7</value>
<value type="text">8</value>
<value type="text">9</value>
<value type="text">:</value>
<value type="text"></value>
<value type="text"></value>
</values>
</DigitalClockLayer>
<DigitalClockLayer>
<type>Digital Clock</type>
<name></name>
<center>200.0; 313.0</center>
<middle>200.0; 200.0</middle>
<effects>
<ShadowEffect>
<enabled>yes</enabled>
<shadowed>yes</shadowed>
<selfShadowed>no</selfShadowed>
<shadowColor>#ff000000</shadowColor>
<shadowDistance>5.0</shadowDistance>
<shadowRadius>3.0</shadowRadius>
<shadowAngle>45.0</shadowAngle>
<shadowOpacity>0.7</shadowOpacity>
</ShadowEffect>
<SimpleEmbossEffect>
<enabled>yes</enabled>
<distance>2.0</distance>
<angle>0.0</angle>
<strength>0.08</strength>
</SimpleEmbossEffect>
</effects>
<autoRotation>NONE</autoRotation>
<autoRotationDirection>CLOCKWISE</autoRotationDirection>
<autoRotationMultiplier>1</autoRotationMultiplier>
<autoRotationMovement>SMOOTH</autoRotationMovement>
<opacity>1.0</opacity>
<enabled>yes</enabled>
<font>Arial;36;1</font>
<fillStyle>
<paintStyle>SOLID</paintStyle>
<colorPoints>
<point>
<position>0.0</position>
<color>#ffccffff</color>
</point>
<point>
<position>1.0</position>
<color>#ff000000</color>
</point>
</colorPoints>
<angle>0.0</angle>
<offsetX>0.0</offsetX>
<offsetY>0.0</offsetY>
<textureScale>1.0</textureScale>
</fillStyle>
<strokeStyle>
<paintStyle>SOLID</paintStyle>
<colorPoints>
<point>
<position>0.0</position>
<color>#ffcccc00</color>
</point>
<point>
<position>1.0</position>
<color>#ff000000</color>
</point>
</colorPoints>
<angle>0.0</angle>
<offsetX>0.0</offsetX>
<offsetY>0.0</offsetY>
<textureScale>1.0</textureScale>
</strokeStyle>
<strokeWidth>0.0</strokeWidth>
<characterSpacing>0.0</characterSpacing>
<clockType>WEEKDAY</clockType>
<angle>0.0</angle>
<imageScaleMethod>NO_RESCALE</imageScaleMethod>
<imageScaleWidth>70.0</imageScaleWidth>
<imageScaleHeight>100.0</imageScaleHeight>
<textAlignment>CENTER</textAlignment>
<textOffset>0.0</textOffset>
<allowEffectsToResizeDigits>no</allowEffectsToResizeDigits>
<values>
<value type="text">NED&#x11a;LE</value>
<value type="text">POND&#x11a;L&#xcd;</value>
<value type="text">&#xda;TER&#xdd;</value>
<value type="text">ST&#x158;EDA</value>
<value type="text">&#x10c;TVRTEK</value>
<value type="text">P&#xc1;TEK</value>
<value type="text">SOBOTA</value>
</values>
</DigitalClockLayer>
<DigitalClockLayer>
<type>Digital Clock</type>
<name></name>
<center>200.0; 349.0</center>
<middle>200.0; 200.0</middle>
<effects>
<ShadowEffect>
<enabled>yes</enabled>
<shadowed>yes</shadowed>
<selfShadowed>no</selfShadowed>
<shadowColor>#ff000000</shadowColor>
<shadowDistance>5.0</shadowDistance>
<shadowRadius>3.0</shadowRadius>
<shadowAngle>45.0</shadowAngle>
<shadowOpacity>0.7</shadowOpacity>
</ShadowEffect>
<SimpleEmbossEffect>
<enabled>yes</enabled>
<distance>2.0</distance>
<angle>0.0</angle>
<strength>1.0</strength>
</SimpleEmbossEffect>
</effects>
<autoRotation>NONE</autoRotation>
<autoRotationDirection>CLOCKWISE</autoRotationDirection>
<autoRotationMultiplier>1</autoRotationMultiplier>
<autoRotationMovement>SMOOTH</autoRotationMovement>
<opacity>1.0</opacity>
<enabled>yes</enabled>
<font>Arial;28;1</font>
<fillStyle>
<paintStyle>SOLID</paintStyle>
<colorPoints>
<point>
<position>0.0</position>
<color>#ffccffff</color>
</point>
<point>
<position>1.0</position>
<color>#ff000000</color>
</point>
</colorPoints>
<angle>0.0</angle>
<offsetX>0.0</offsetX>
<offsetY>0.0</offsetY>
<textureScale>1.0</textureScale>
</fillStyle>
<strokeStyle>
<paintStyle>SOLID</paintStyle>
<colorPoints>
<point>
<position>0.0</position>
<color>#ffcccc00</color>
</point>
<point>
<position>1.0</position>
<color>#ff000000</color>
</point>
</colorPoints>
<angle>0.0</angle>
<offsetX>0.0</offsetX>
<offsetY>0.0</offsetY>
<textureScale>1.0</textureScale>
</strokeStyle>
<strokeWidth>0.0</strokeWidth>
<characterSpacing>0.0</characterSpacing>
<clockType>BATTERYLEVEL</clockType>
<angle>0.0</angle>
<imageScaleMethod>NO_RESCALE</imageScaleMethod>
<imageScaleWidth>70.0</imageScaleWidth>
<imageScaleHeight>100.0</imageScaleHeight>
<textAlignment>CENTER</textAlignment>
<textOffset>0.0</textOffset>
<allowEffectsToResizeDigits>no</allowEffectsToResizeDigits>
<values>
<value type="text">0</value>
<value type="text">1</value>
<value type="text">2</value>
<value type="text">3</value>
<value type="text">4</value>
<value type="text">5</value>
<value type="text">6</value>
<value type="text">7</value>
<value type="text">8</value>
<value type="text">9</value>
<value type="text"> </value>
<value type="text">%</value>
</values>
</DigitalClockLayer>
<DigitalClockLayer>
<type>Digital Clock</type>
<name></name>
<center>200.0; 56.0</center>
<middle>200.0; 200.0</middle>
<effects>
<ShadowEffect>
<enabled>yes</enabled>
<shadowed>yes</shadowed>
<selfShadowed>no</selfShadowed>
<shadowColor>#ff000000</shadowColor>
<shadowDistance>5.0</shadowDistance>
<shadowRadius>3.0</shadowRadius>
<shadowAngle>45.0</shadowAngle>
<shadowOpacity>0.7</shadowOpacity>
</ShadowEffect>
</effects>
<autoRotation>NONE</autoRotation>
<autoRotationDirection>CLOCKWISE</autoRotationDirection>
<autoRotationMultiplier>1</autoRotationMultiplier>
<autoRotationMovement>SMOOTH</autoRotationMovement>
<opacity>1.0</opacity>
<enabled>yes</enabled>
<font>Arial;58;1</font>
<fillStyle>
<paintStyle>SOLID</paintStyle>
<colorPoints>
<point>
<position>0.0</position>
<color>#ffccffff</color>
</point>
<point>
<position>1.0</position>
<color>#ff000000</color>
</point>
</colorPoints>
<angle>0.0</angle>
<offsetX>0.0</offsetX>
<offsetY>0.0</offsetY>
<textureScale>1.0</textureScale>
</fillStyle>
<strokeStyle>
<paintStyle>SOLID</paintStyle>
<colorPoints>
<point>
<position>0.0</position>
<color>#ff999999</color>
</point>
<point>
<position>1.0</position>
<color>#ff000000</color>
</point>
</colorPoints>
<angle>0.0</angle>
<offsetX>0.0</offsetX>
<offsetY>0.0</offsetY>
<textureScale>1.0</textureScale>
</strokeStyle>
<strokeWidth>0.0</strokeWidth>
<characterSpacing>0.0</characterSpacing>
<clockType>DAY</clockType>
<angle>0.0</angle>
<imageScaleMethod>NO_RESCALE</imageScaleMethod>
<imageScaleWidth>70.0</imageScaleWidth>
<imageScaleHeight>100.0</imageScaleHeight>
<textAlignment>CENTER</textAlignment>
<textOffset>0.0</textOffset>
<allowEffectsToResizeDigits>no</allowEffectsToResizeDigits>
<values>
<value type="text">0</value>
<value type="text">1</value>
<value type="text">2</value>
<value type="text">3</value>
<value type="text">4</value>
<value type="text">5</value>
<value type="text">6</value>
<value type="text">7</value>
<value type="text">8</value>
<value type="text">9</value>
</values>
</DigitalClockLayer>
</WatchFaceDesign>
