<WatchFaceDesign width="400" height="400" round="true">
<RectangularLayer>
<type>Rectangle</type>
<name></name>
<center>200.0; 200.0</center>
<middle>201.0; 201.0</middle>
<effects>
<BrushedEffect>
<enabled>yes</enabled>
<brushType>RADIAL</brushType>
<shininess>0.25</shininess>
<shininessAngle>225.0</shininessAngle>
<spreadFactor>1.0</spreadFactor>
<brushStrength>2</brushStrength>
<brushDepth>0.02</brushDepth>
<brushAngle>0.0</brushAngle>
</BrushedEffect>
</effects>
<autoRotation>NONE</autoRotation>
<autoRotationDirection>CLOCKWISE</autoRotationDirection>
<autoRotationMultiplier>1</autoRotationMultiplier>
<autoRotationMovement>SMOOTH</autoRotationMovement>
<opacity>1.0</opacity>
<enabled>yes</enabled>
<width>400.0</width>
<height>400.0</height>
<rotation>0.0</rotation>
<cornerRadius>0.0</cornerRadius>
<fillStyle>
<paintStyle>RADIAL_GRADIENT</paintStyle>
<colorPoints>
<point>
<position>0.87593985</position>
<color>#ffffffff</color>
</point>
<point>
<position>1.0</position>
<color>#ff000000</color>
</point>
</colorPoints>
<angle>0.0</angle>
<offsetX>0.0</offsetX>
<offsetY>0.0</offsetY>
<textureScale>1.0</textureScale>
</fillStyle>
<strokeStyle>
<paintStyle>SOLID</paintStyle>
<colorPoints>
<point>
<position>0.0</position>
<color>#ffcccccc</color>
</point>
<point>
<position>1.0</position>
<color>#ff000000</color>
</point>
</colorPoints>
<angle>0.0</angle>
<offsetX>0.0</offsetX>
<offsetY>0.0</offsetY>
<textureScale>1.0</textureScale>
</strokeStyle>
<thickness>0.0</thickness>
</RectangularLayer>
<TicksLayer>
<type>Ticks</type>
<name></name>
<center>200.0; 200.0</center>
<middle>197.0; 197.0</middle>
<effects>
<SimpleEmbossEffect>
<enabled>yes</enabled>
<distance>2.0</distance>
<angle>0.0</angle>
<strength>1.0</strength>
</SimpleEmbossEffect>
<SimpleEmbossEffect>
<enabled>yes</enabled>
<distance>2.0</distance>
<angle>0.0</angle>
<strength>1.0</strength>
</SimpleEmbossEffect>
</effects>
<autoRotation>NONE</autoRotation>
<autoRotationDirection>CLOCKWISE</autoRotationDirection>
<autoRotationMultiplier>1</autoRotationMultiplier>
<autoRotationMovement>SMOOTH</autoRotationMovement>
<opacity>1.0</opacity>
<enabled>yes</enabled>
<outterRadius>196</outterRadius>
<innerRadius>178</innerRadius>
<numberOfTicks>12</numberOfTicks>
<fillStyle>
<paintStyle>SOLID</paintStyle>
<colorPoints>
<point>
<position>0.0</position>
<color>#ff666666</color>
</point>
<point>
<position>1.0</position>
<color>#ff000000</color>
</point>
</colorPoints>
<angle>0.0</angle>
<offsetX>0.0</offsetX>
<offsetY>0.0</offsetY>
<textureScale>1.0</textureScale>
</fillStyle>
<strokeStyle>
<paintStyle>SOLID</paintStyle>
<colorPoints>
<point>
<position>0.0</position>
<color>#ffffffff</color>
</point>
<point>
<position>1.0</position>
<color>#ff000000</color>
</point>
</colorPoints>
<angle>0.0</angle>
<offsetX>0.0</offsetX>
<offsetY>0.0</offsetY>
<textureScale>1.0</textureScale>
</strokeStyle>
<strokeThickness>0.0</strokeThickness>
<topThickness>16.06</topThickness>
<bottomThickness>4.32</bottomThickness>
<dotSize>10.0</dotSize>
<startAngle>0.0</startAngle>
<angleSpan>360.0</angleSpan>
<skipText></skipText>
<representationStyle>TICK</representationStyle>
<fillStylePerTick>no</fillStylePerTick>
<strokeStylePerTick>no</strokeStylePerTick>
<filename></filename>
</TicksLayer>
<HandLayer>
<type>HandLayer</type>
<name></name>
<center>104.0; 201.0</center>
<middle>400.0; 400.0</middle>
<effects>
<EmbossEffect>
<enabled>yes</enabled>
<embossSoftness>5.0</embossSoftness>
<embossHeight>3.0</embossHeight>
<embossElevation>3.0</embossElevation>
<embossLightAngle>45.0</embossLightAngle>
<embossBumpSource>TRANSPARENCY</embossBumpSource>
<mapOffsetX>0.0</mapOffsetX>
<mapOffsetY>0.0</mapOffsetY>
<mapScale>1.0</mapScale>
<bumpMethod>STANDARD</bumpMethod>
<maxDistance>10</maxDistance>
<blurLevel>2.0</blurLevel>
<bumpSide>INSIDE_AND_OUTSIDE</bumpSide>
<MappingFunction>
<Point>0.0; 0.0</Point>
<Point>1.0; 1.0</Point>
</MappingFunction>
<lightColor>#ffffffff</lightColor>
<secondLightEnabled>no</secondLightEnabled>
<secondLightElevation>90.0</secondLightElevation>
<secondLightAngle>45.0</secondLightAngle>
<secondLightIntensity>0.5</secondLightIntensity>
<secondLightType>AMBIENT</secondLightType>
<secondLightColor>#ffffffff</secondLightColor>
</EmbossEffect>
<ShadowEffect>
<enabled>yes</enabled>
<shadowed>yes</shadowed>
<selfShadowed>no</selfShadowed>
<shadowColor>#ff000000</shadowColor>
<shadowDistance>3.0</shadowDistance>
<shadowRadius>3.0</shadowRadius>
<shadowAngle>45.0</shadowAngle>
<shadowOpacity>0.7</shadowOpacity>
</ShadowEffect>
</effects>
<autoRotation>MONTH</autoRotation>
<autoRotationDirection>CLOCKWISE</autoRotationDirection>
<autoRotationMultiplier>1</autoRotationMultiplier>
<autoRotationMovement>SMOOTH</autoRotationMovement>
<opacity>1.0</opacity>
<enabled>yes</enabled>
<fillStyle>
<paintStyle>SOLID</paintStyle>
<colorPoints>
<point>
<position>0.0</position>
<color>#ffff0000</color>
</point>
<point>
<position>1.0</position>
<color>#ff000000</color>
</point>
</colorPoints>
<angle>0.0</angle>
<offsetX>0.0</offsetX>
<offsetY>0.0</offsetY>
<textureScale>1.0</textureScale>
</fillStyle>
<strokeStyle>
<paintStyle>SOLID</paintStyle>
<colorPoints>
<point>
<position>0.0</position>
<color>#ffffffff</color>
</point>
<point>
<position>1.0</position>
<color>#ff000000</color>
</point>
</colorPoints>
<angle>0.0</angle>
<offsetX>0.0</offsetX>
<offsetY>0.0</offsetY>
<textureScale>1.0</textureScale>
</strokeStyle>
<thickness>0.0</thickness>
<startAngle>0.0</startAngle>
<sections>
<section>
<top>0.0; 38.2</top>
<bottom>10.0; 0.0</bottom>
<controlPoint>-13.6; -14.1</controlPoint>
</section>
</sections>
</HandLayer>
<PerspectiveTextLayer>
<type>Text</type>
<name></name>
<center>104.0; 200.0</center>
<middle>54.0; 54.0</middle>
<effects>
</effects>
<autoRotation>NONE</autoRotation>
<autoRotationDirection>CLOCKWISE</autoRotationDirection>
<autoRotationMultiplier>1</autoRotationMultiplier>
<autoRotationMovement>SMOOTH</autoRotationMovement>
<opacity>1.0</opacity>
<enabled>yes</enabled>
<radius>38</radius>
<font>Arial;12;1</font>
<fillStyle>
<paintStyle>SOLID</paintStyle>
<colorPoints>
<point>
<position>0.0</position>
<color>#ff000000</color>
</point>
<point>
<position>1.0</position>
<color>#ff000000</color>
</point>
</colorPoints>
<angle>0.0</angle>
<offsetX>0.0</offsetX>
<offsetY>0.0</offsetY>
<textureScale>1.0</textureScale>
</fillStyle>
<strokeStyle>
<paintStyle>SOLID</paintStyle>
<colorPoints>
<point>
<position>0.0</position>
<color>#ff000000</color>
</point>
<point>
<position>1.0</position>
<color>#ff000000</color>
</point>
</colorPoints>
<angle>0.0</angle>
<offsetX>0.0</offsetX>
<offsetY>0.0</offsetY>
<textureScale>1.0</textureScale>
</strokeStyle>
<strokeWidth>0.0</strokeWidth>
<rotatedTextSpacing>0.0</rotatedTextSpacing>
<squarify>0.0</squarify>
<startAngle>0.0</startAngle>
<angleSpan>360.0</angleSpan>
<numbers>12,1,2,3,4,5,6,7,8,9,10,11</numbers>
<rotationStyle>ALWAYS</rotationStyle>
<textSlant>0.0</textSlant>
<perspectiveAngle>0.0</perspectiveAngle>
<locationRelativeToRadius>DEFAULT</locationRelativeToRadius>
</PerspectiveTextLayer>
<PerspectiveTextLayer>
<type>Text</type>
<name></name>
<center>200.0; 158.0</center>
<middle>159.0; 159.0</middle>
<effects>
</effects>
<autoRotation>NONE</autoRotation>
<autoRotationDirection>CLOCKWISE</autoRotationDirection>
<autoRotationMultiplier>1</autoRotationMultiplier>
<autoRotationMovement>SMOOTH</autoRotationMovement>
<opacity>1.0</opacity>
<enabled>yes</enabled>
<radius>39</radius>
<font>Arial Rounded MT Bold;12;0</font>
<fillStyle>
<paintStyle>SOLID</paintStyle>
<colorPoints>
<point>
<position>0.0</position>
<color>#ff000000</color>
</point>
<point>
<position>1.0</position>
<color>#ff000000</color>
</point>
</colorPoints>
<angle>0.0</angle>
<offsetX>0.0</offsetX>
<offsetY>0.0</offsetY>
<textureScale>1.0</textureScale>
</fillStyle>
<strokeStyle>
<paintStyle>SOLID</paintStyle>
<colorPoints>
<point>
<position>0.0</position>
<color>#ff000000</color>
</point>
<point>
<position>1.0</position>
<color>#ff000000</color>
</point>
</colorPoints>
<angle>0.0</angle>
<offsetX>0.0</offsetX>
<offsetY>0.0</offsetY>
<textureScale>1.0</textureScale>
</strokeStyle>
<strokeWidth>0.0</strokeWidth>
<rotatedTextSpacing>0.0</rotatedTextSpacing>
<squarify>0.0</squarify>
<startAngle>0.0</startAngle>
<angleSpan>360.0</angleSpan>
<numbers>LEMFO LEM 12 PRO</numbers>
<rotationStyle>NONE</rotationStyle>
<textSlant>0.0</textSlant>
<perspectiveAngle>17.6</perspectiveAngle>
<locationRelativeToRadius>DEFAULT</locationRelativeToRadius>
</PerspectiveTextLayer>
<HandLayer>
<type>HandLayer</type>
<name></name>
<center>200.0; 289.0</center>
<middle>400.0; 400.0</middle>
<effects>
<EmbossEffect>
<enabled>yes</enabled>
<embossSoftness>5.0</embossSoftness>
<embossHeight>3.0</embossHeight>
<embossElevation>3.0</embossElevation>
<embossLightAngle>45.0</embossLightAngle>
<embossBumpSource>TRANSPARENCY</embossBumpSource>
<mapOffsetX>0.0</mapOffsetX>
<mapOffsetY>0.0</mapOffsetY>
<mapScale>1.0</mapScale>
<bumpMethod>STANDARD</bumpMethod>
<maxDistance>10</maxDistance>
<blurLevel>2.0</blurLevel>
<bumpSide>INSIDE_AND_OUTSIDE</bumpSide>
<MappingFunction>
<Point>0.0; 0.0</Point>
<Point>1.0; 1.0</Point>
</MappingFunction>
<lightColor>#ffffffff</lightColor>
<secondLightEnabled>no</secondLightEnabled>
<secondLightElevation>90.0</secondLightElevation>
<secondLightAngle>45.0</secondLightAngle>
<secondLightIntensity>0.5</secondLightIntensity>
<secondLightType>AMBIENT</secondLightType>
<secondLightColor>#ffffffff</secondLightColor>
</EmbossEffect>
<ShadowEffect>
<enabled>yes</enabled>
<shadowed>yes</shadowed>
<selfShadowed>no</selfShadowed>
<shadowColor>#ff000000</shadowColor>
<shadowDistance>3.0</shadowDistance>
<shadowRadius>3.0</shadowRadius>
<shadowAngle>45.0</shadowAngle>
<shadowOpacity>0.7</shadowOpacity>
</ShadowEffect>
</effects>
<autoRotation>SECOND</autoRotation>
<autoRotationDirection>CLOCKWISE</autoRotationDirection>
<autoRotationMultiplier>1</autoRotationMultiplier>
<autoRotationMovement>SMOOTH</autoRotationMovement>
<opacity>1.0</opacity>
<enabled>yes</enabled>
<fillStyle>
<paintStyle>SOLID</paintStyle>
<colorPoints>
<point>
<position>0.0</position>
<color>#ffff0000</color>
</point>
<point>
<position>1.0</position>
<color>#ff000000</color>
</point>
</colorPoints>
<angle>0.0</angle>
<offsetX>0.0</offsetX>
<offsetY>0.0</offsetY>
<textureScale>1.0</textureScale>
</fillStyle>
<strokeStyle>
<paintStyle>SOLID</paintStyle>
<colorPoints>
<point>
<position>0.0</position>
<color>#ffffffff</color>
</point>
<point>
<position>1.0</position>
<color>#ff000000</color>
</point>
</colorPoints>
<angle>0.0</angle>
<offsetX>0.0</offsetX>
<offsetY>0.0</offsetY>
<textureScale>1.0</textureScale>
</strokeStyle>
<thickness>0.0</thickness>
<startAngle>0.0</startAngle>
<sections>
<section>
<top>0.0; 38.1</top>
<bottom>10.0; 0.0</bottom>
<controlPoint>-14.1; -13.6</controlPoint>
</section>
</sections>
</HandLayer>
<PerspectiveTextLayer>
<type>Text</type>
<name></name>
<center>200.0; 289.0</center>
<middle>56.0; 56.0</middle>
<effects>
<EmbossEffect>
<enabled>yes</enabled>
<embossSoftness>5.0</embossSoftness>
<embossHeight>3.0</embossHeight>
<embossElevation>3.0</embossElevation>
<embossLightAngle>45.0</embossLightAngle>
<embossBumpSource>TRANSPARENCY</embossBumpSource>
<mapOffsetX>0.0</mapOffsetX>
<mapOffsetY>0.0</mapOffsetY>
<mapScale>1.0</mapScale>
<bumpMethod>STANDARD</bumpMethod>
<maxDistance>10</maxDistance>
<blurLevel>2.0</blurLevel>
<bumpSide>INSIDE_AND_OUTSIDE</bumpSide>
<MappingFunction>
<Point>0.0; 0.0</Point>
<Point>1.0; 1.0</Point>
</MappingFunction>
<lightColor>#ffffffff</lightColor>
<secondLightEnabled>no</secondLightEnabled>
<secondLightElevation>90.0</secondLightElevation>
<secondLightAngle>45.0</secondLightAngle>
<secondLightIntensity>0.5</secondLightIntensity>
<secondLightType>AMBIENT</secondLightType>
<secondLightColor>#ffffffff</secondLightColor>
</EmbossEffect>
<SimpleEmbossEffect>
<enabled>yes</enabled>
<distance>2.0</distance>
<angle>0.0</angle>
<strength>1.0</strength>
</SimpleEmbossEffect>
</effects>
<autoRotation>NONE</autoRotation>
<autoRotationDirection>CLOCKWISE</autoRotationDirection>
<autoRotationMultiplier>1</autoRotationMultiplier>
<autoRotationMovement>SMOOTH</autoRotationMovement>
<opacity>1.0</opacity>
<enabled>yes</enabled>
<radius>38</radius>
<font>Arial;12;1</font>
<fillStyle>
<paintStyle>SOLID</paintStyle>
<colorPoints>
<point>
<position>0.0</position>
<color>#ff000000</color>
</point>
<point>
<position>1.0</position>
<color>#ff000000</color>
</point>
</colorPoints>
<angle>0.0</angle>
<offsetX>0.0</offsetX>
<offsetY>0.0</offsetY>
<textureScale>1.0</textureScale>
</fillStyle>
<strokeStyle>
<paintStyle>SOLID</paintStyle>
<colorPoints>
<point>
<position>0.0</position>
<color>#ff000000</color>
</point>
<point>
<position>1.0</position>
<color>#ff000000</color>
</point>
</colorPoints>
<angle>0.0</angle>
<offsetX>0.0</offsetX>
<offsetY>0.0</offsetY>
<textureScale>1.0</textureScale>
</strokeStyle>
<strokeWidth>0.0</strokeWidth>
<rotatedTextSpacing>0.0</rotatedTextSpacing>
<squarify>0.0</squarify>
<startAngle>0.0</startAngle>
<angleSpan>360.0</angleSpan>
<numbers>60,!,!,15,!,!,30,!,!,45,!,!</numbers>
<rotationStyle>ALWAYS</rotationStyle>
<textSlant>0.0</textSlant>
<perspectiveAngle>0.0</perspectiveAngle>
<locationRelativeToRadius>DEFAULT</locationRelativeToRadius>
</PerspectiveTextLayer>
<DigitalClockLayer>
<type>Digital Clock</type>
<name></name>
<center>279.0; 245.0</center>
<middle>200.0; 200.0</middle>
<effects>
<SimpleEmbossEffect>
<enabled>yes</enabled>
<distance>2.0</distance>
<angle>0.0</angle>
<strength>1.0</strength>
</SimpleEmbossEffect>
<EmbossEffect>
<enabled>yes</enabled>
<embossSoftness>5.0</embossSoftness>
<embossHeight>3.0</embossHeight>
<embossElevation>3.0</embossElevation>
<embossLightAngle>45.0</embossLightAngle>
<embossBumpSource>TRANSPARENCY</embossBumpSource>
<mapOffsetX>0.0</mapOffsetX>
<mapOffsetY>0.0</mapOffsetY>
<mapScale>1.0</mapScale>
<bumpMethod>STANDARD</bumpMethod>
<maxDistance>10</maxDistance>
<blurLevel>2.0</blurLevel>
<bumpSide>INSIDE_AND_OUTSIDE</bumpSide>
<MappingFunction>
<Point>0.0; 0.0</Point>
<Point>1.0; 1.0</Point>
</MappingFunction>
<lightColor>#ffffffff</lightColor>
<secondLightEnabled>no</secondLightEnabled>
<secondLightElevation>90.0</secondLightElevation>
<secondLightAngle>45.0</secondLightAngle>
<secondLightIntensity>0.5</secondLightIntensity>
<secondLightType>AMBIENT</secondLightType>
<secondLightColor>#ffffffff</secondLightColor>
</EmbossEffect>
</effects>
<autoRotation>NONE</autoRotation>
<autoRotationDirection>CLOCKWISE</autoRotationDirection>
<autoRotationMultiplier>1</autoRotationMultiplier>
<autoRotationMovement>SMOOTH</autoRotationMovement>
<opacity>1.0</opacity>
<enabled>yes</enabled>
<font>Arial;24;1</font>
<fillStyle>
<paintStyle>SOLID</paintStyle>
<colorPoints>
<point>
<position>0.0</position>
<color>#ffff0000</color>
</point>
<point>
<position>1.0</position>
<color>#ff000000</color>
</point>
</colorPoints>
<angle>0.0</angle>
<offsetX>0.0</offsetX>
<offsetY>0.0</offsetY>
<textureScale>1.0</textureScale>
</fillStyle>
<strokeStyle>
<paintStyle>SOLID</paintStyle>
<colorPoints>
<point>
<position>0.0</position>
<color>#ff000000</color>
</point>
<point>
<position>1.0</position>
<color>#ff000000</color>
</point>
</colorPoints>
<angle>0.0</angle>
<offsetX>0.0</offsetX>
<offsetY>0.0</offsetY>
<textureScale>1.0</textureScale>
</strokeStyle>
<strokeWidth>0.0</strokeWidth>
<characterSpacing>0.0</characterSpacing>
<clockType>BATTERYLEVEL</clockType>
<angle>0.0</angle>
<imageScaleMethod>NO_RESCALE</imageScaleMethod>
<imageScaleWidth>70.0</imageScaleWidth>
<imageScaleHeight>100.0</imageScaleHeight>
<textAlignment>CENTER</textAlignment>
<textOffset>0.0</textOffset>
<allowEffectsToResizeDigits>no</allowEffectsToResizeDigits>
<values>
<value type="text">0</value>
<value type="text">1</value>
<value type="text">2</value>
<value type="text">3</value>
<value type="text">4</value>
<value type="text">5</value>
<value type="text">6</value>
<value type="text">7</value>
<value type="text">8</value>
<value type="text">9</value>
<value type="text"> </value>
<value type="text">%</value>
</values>
</DigitalClockLayer>
<TicksLayer>
<type>Ticks</type>
<name></name>
<center>200.0; 200.0</center>
<middle>194.0; 194.0</middle>
<effects>
<SimpleEmbossEffect>
<enabled>yes</enabled>
<distance>2.0</distance>
<angle>0.0</angle>
<strength>1.0</strength>
</SimpleEmbossEffect>
</effects>
<autoRotation>NONE</autoRotation>
<autoRotationDirection>CLOCKWISE</autoRotationDirection>
<autoRotationMultiplier>1</autoRotationMultiplier>
<autoRotationMovement>SMOOTH</autoRotationMovement>
<opacity>1.0</opacity>
<enabled>yes</enabled>
<outterRadius>193</outterRadius>
<innerRadius>188</innerRadius>
<numberOfTicks>60</numberOfTicks>
<fillStyle>
<paintStyle>SOLID</paintStyle>
<colorPoints>
<point>
<position>0.0</position>
<color>#ffcccccc</color>
</point>
<point>
<position>1.0</position>
<color>#ff000000</color>
</point>
</colorPoints>
<angle>0.0</angle>
<offsetX>0.0</offsetX>
<offsetY>0.0</offsetY>
<textureScale>1.0</textureScale>
</fillStyle>
<strokeStyle>
<paintStyle>SOLID</paintStyle>
<colorPoints>
<point>
<position>0.0</position>
<color>#ffffffff</color>
</point>
<point>
<position>1.0</position>
<color>#ff000000</color>
</point>
</colorPoints>
<angle>0.0</angle>
<offsetX>0.0</offsetX>
<offsetY>0.0</offsetY>
<textureScale>1.0</textureScale>
</strokeStyle>
<strokeThickness>0.0</strokeThickness>
<topThickness>2.0</topThickness>
<bottomThickness>2.0</bottomThickness>
<dotSize>5.0</dotSize>
<startAngle>0.0</startAngle>
<angleSpan>360.0</angleSpan>
<skipText></skipText>
<representationStyle>DOT</representationStyle>
<fillStylePerTick>no</fillStylePerTick>
<strokeStylePerTick>no</strokeStylePerTick>
<filename></filename>
</TicksLayer>
<PerspectiveTextLayer>
<type>Text</type>
<name></name>
<center>200.0; 200.0</center>
<middle>184.0; 184.0</middle>
<effects>
</effects>
<autoRotation>NONE</autoRotation>
<autoRotationDirection>CLOCKWISE</autoRotationDirection>
<autoRotationMultiplier>1</autoRotationMultiplier>
<autoRotationMovement>SMOOTH</autoRotationMovement>
<opacity>1.0</opacity>
<enabled>yes</enabled>
<radius>144</radius>
<font>Baskerville Old Face;38;1</font>
<fillStyle>
<paintStyle>SOLID</paintStyle>
<colorPoints>
<point>
<position>0.0</position>
<color>#ff000000</color>
</point>
<point>
<position>1.0</position>
<color>#ff000000</color>
</point>
</colorPoints>
<angle>0.0</angle>
<offsetX>0.0</offsetX>
<offsetY>0.0</offsetY>
<textureScale>1.0</textureScale>
</fillStyle>
<strokeStyle>
<paintStyle>SOLID</paintStyle>
<colorPoints>
<point>
<position>0.0</position>
<color>#ff000000</color>
</point>
<point>
<position>1.0</position>
<color>#ff000000</color>
</point>
</colorPoints>
<angle>0.0</angle>
<offsetX>0.0</offsetX>
<offsetY>0.0</offsetY>
<textureScale>1.0</textureScale>
</strokeStyle>
<strokeWidth>0.0</strokeWidth>
<rotatedTextSpacing>0.0</rotatedTextSpacing>
<squarify>0.0</squarify>
<startAngle>0.0</startAngle>
<angleSpan>360.0</angleSpan>
<numbers>12,1,2,3,4,5,6,7,8,9,10,11</numbers>
<rotationStyle>NONE</rotationStyle>
<textSlant>0.0</textSlant>
<perspectiveAngle>0.0</perspectiveAngle>
<locationRelativeToRadius>DEFAULT</locationRelativeToRadius>
</PerspectiveTextLayer>
<GroupLayer>
<type>Group</type>
<name></name>
<center>193.0; 200.0</center>
<middle>384.0; 236.0</middle>
<effects>
<EmbossEffect>
<enabled>yes</enabled>
<embossSoftness>4.4</embossSoftness>
<embossHeight>4.17</embossHeight>
<embossElevation>17.24</embossElevation>
<embossLightAngle>51.58</embossLightAngle>
<embossBumpSource>TRANSPARENCY</embossBumpSource>
<mapOffsetX>0.0</mapOffsetX>
<mapOffsetY>0.0</mapOffsetY>
<mapScale>1.0</mapScale>
<bumpMethod>STANDARD</bumpMethod>
<maxDistance>10</maxDistance>
<blurLevel>2.0</blurLevel>
<bumpSide>INSIDE_AND_OUTSIDE</bumpSide>
<MappingFunction>
<Point>0.0; 0.0</Point>
<Point>1.0; 1.0</Point>
</MappingFunction>
<lightColor>#ffffffff</lightColor>
<secondLightEnabled>no</secondLightEnabled>
<secondLightElevation>90.0</secondLightElevation>
<secondLightAngle>45.0</secondLightAngle>
<secondLightIntensity>0.5</secondLightIntensity>
<secondLightType>AMBIENT</secondLightType>
<secondLightColor>#ffffffff</secondLightColor>
</EmbossEffect>
</effects>
<autoRotation>NONE</autoRotation>
<autoRotationDirection>CLOCKWISE</autoRotationDirection>
<autoRotationMultiplier>1</autoRotationMultiplier>
<autoRotationMovement>SMOOTH</autoRotationMovement>
<opacity>1.0</opacity>
<enabled>yes</enabled>
<operation>UNION</operation>
<angle>0.0</angle>
<layers>
<RectangularLayer>
<type>Rectangle</type>
<name></name>
<center>308.0; 200.0</center>
<middle>46.0; 26.0</middle>
<effects>
</effects>
<autoRotation>NONE</autoRotation>
<autoRotationDirection>CLOCKWISE</autoRotationDirection>
<autoRotationMultiplier>1</autoRotationMultiplier>
<autoRotationMovement>SMOOTH</autoRotationMovement>
<opacity>1.0</opacity>
<enabled>yes</enabled>
<width>90.0</width>
<height>50.0</height>
<rotation>0.0</rotation>
<cornerRadius>29.3</cornerRadius>
<fillStyle>
<paintStyle>SOLID</paintStyle>
<colorPoints>
<point>
<position>0.62030077</position>
<color>#ffffffff</color>
</point>
<point>
<position>1.0</position>
<color>#ff000000</color>
</point>
</colorPoints>
<angle>0.0</angle>
<offsetX>0.0</offsetX>
<offsetY>0.0</offsetY>
<textureScale>1.0</textureScale>
</fillStyle>
<strokeStyle>
<paintStyle>SOLID</paintStyle>
<colorPoints>
<point>
<position>0.0</position>
<color>#ff000000</color>
</point>
<point>
<position>1.0</position>
<color>#ff000000</color>
</point>
</colorPoints>
<angle>0.0</angle>
<offsetX>0.0</offsetX>
<offsetY>0.0</offsetY>
<textureScale>1.0</textureScale>
</strokeStyle>
<thickness>0.0</thickness>
</RectangularLayer>
<RectangularLayer>
<type>Rectangle</type>
<name></name>
<center>348.0; 200.0</center>
<middle>36.0; 36.0</middle>
<effects>
</effects>
<autoRotation>NONE</autoRotation>
<autoRotationDirection>CLOCKWISE</autoRotationDirection>
<autoRotationMultiplier>1</autoRotationMultiplier>
<autoRotationMovement>SMOOTH</autoRotationMovement>
<opacity>1.0</opacity>
<enabled>yes</enabled>
<width>70.0</width>
<height>70.0</height>
<rotation>0.0</rotation>
<cornerRadius>800.0</cornerRadius>
<fillStyle>
<paintStyle>SOLID</paintStyle>
<colorPoints>
<point>
<position>0.62030077</position>
<color>#ffffffff</color>
</point>
<point>
<position>1.0</position>
<color>#ff000000</color>
</point>
</colorPoints>
<angle>0.0</angle>
<offsetX>0.0</offsetX>
<offsetY>0.0</offsetY>
<textureScale>1.0</textureScale>
</fillStyle>
<strokeStyle>
<paintStyle>SOLID</paintStyle>
<colorPoints>
<point>
<position>0.0</position>
<color>#ff000000</color>
</point>
<point>
<position>1.0</position>
<color>#ff000000</color>
</point>
</colorPoints>
<angle>0.0</angle>
<offsetX>0.0</offsetX>
<offsetY>0.0</offsetY>
<textureScale>1.0</textureScale>
</strokeStyle>
<thickness>0.0</thickness>
</RectangularLayer>
</layers>
</GroupLayer>
<PerspectiveTextLayer>
<type>Text</type>
<name></name>
<center>200.0; 211.0</center>
<middle>214.0; 214.0</middle>
<effects>
<SimpleEmbossEffect>
<enabled>yes</enabled>
<distance>2.0</distance>
<angle>0.0</angle>
<strength>1.0</strength>
</SimpleEmbossEffect>
<EmbossEffect>
<enabled>yes</enabled>
<embossSoftness>5.0</embossSoftness>
<embossHeight>3.0</embossHeight>
<embossElevation>3.0</embossElevation>
<embossLightAngle>45.0</embossLightAngle>
<embossBumpSource>TRANSPARENCY</embossBumpSource>
<mapOffsetX>0.0</mapOffsetX>
<mapOffsetY>0.0</mapOffsetY>
<mapScale>1.0</mapScale>
<bumpMethod>STANDARD</bumpMethod>
<maxDistance>10</maxDistance>
<blurLevel>2.0</blurLevel>
<bumpSide>INSIDE_AND_OUTSIDE</bumpSide>
<MappingFunction>
<Point>0.0; 0.0</Point>
<Point>1.0; 1.0</Point>
</MappingFunction>
<lightColor>#ffffffff</lightColor>
<secondLightEnabled>no</secondLightEnabled>
<secondLightElevation>90.0</secondLightElevation>
<secondLightAngle>45.0</secondLightAngle>
<secondLightIntensity>0.5</secondLightIntensity>
<secondLightType>AMBIENT</secondLightType>
<secondLightColor>#ffffffff</secondLightColor>
</EmbossEffect>
</effects>
<autoRotation>NONE</autoRotation>
<autoRotationDirection>CLOCKWISE</autoRotationDirection>
<autoRotationMultiplier>1</autoRotationMultiplier>
<autoRotationMovement>SMOOTH</autoRotationMovement>
<opacity>1.0</opacity>
<enabled>yes</enabled>
<radius>102</radius>
<font>Garamond;28;1</font>
<fillStyle>
<paintStyle>SOLID</paintStyle>
<colorPoints>
<point>
<position>0.0</position>
<color>#ffff0000</color>
</point>
<point>
<position>1.0</position>
<color>#ff000000</color>
</point>
</colorPoints>
<angle>0.0</angle>
<offsetX>0.0</offsetX>
<offsetY>0.0</offsetY>
<textureScale>1.0</textureScale>
</fillStyle>
<strokeStyle>
<paintStyle>SOLID</paintStyle>
<colorPoints>
<point>
<position>0.0</position>
<color>#ff000000</color>
</point>
<point>
<position>1.0</position>
<color>#ff000000</color>
</point>
</colorPoints>
<angle>0.0</angle>
<offsetX>0.0</offsetX>
<offsetY>0.0</offsetY>
<textureScale>1.0</textureScale>
</strokeStyle>
<strokeWidth>0.0</strokeWidth>
<rotatedTextSpacing>0.0</rotatedTextSpacing>
<squarify>0.0</squarify>
<startAngle>0.0</startAngle>
<angleSpan>360.0</angleSpan>
<numbers>SLAVEK</numbers>
<rotationStyle>NONE</rotationStyle>
<textSlant>0.0</textSlant>
<perspectiveAngle>-29.28</perspectiveAngle>
<locationRelativeToRadius>DEFAULT</locationRelativeToRadius>
</PerspectiveTextLayer>
<HandLayer>
<type>HandLayer</type>
<name></name>
<center>200.0; 200.0</center>
<middle>400.0; 400.0</middle>
<effects>
<EmbossEffect>
<enabled>yes</enabled>
<embossSoftness>5.0</embossSoftness>
<embossHeight>3.0</embossHeight>
<embossElevation>3.0</embossElevation>
<embossLightAngle>45.0</embossLightAngle>
<embossBumpSource>TRANSPARENCY</embossBumpSource>
<mapOffsetX>0.0</mapOffsetX>
<mapOffsetY>0.0</mapOffsetY>
<mapScale>1.0</mapScale>
<bumpMethod>STANDARD</bumpMethod>
<maxDistance>10</maxDistance>
<blurLevel>2.0</blurLevel>
<bumpSide>INSIDE_AND_OUTSIDE</bumpSide>
<MappingFunction>
<Point>0.0; 0.0</Point>
<Point>1.0; 1.0</Point>
</MappingFunction>
<lightColor>#ffffffff</lightColor>
<secondLightEnabled>no</secondLightEnabled>
<secondLightElevation>90.0</secondLightElevation>
<secondLightAngle>45.0</secondLightAngle>
<secondLightIntensity>0.5</secondLightIntensity>
<secondLightType>AMBIENT</secondLightType>
<secondLightColor>#ffffffff</secondLightColor>
</EmbossEffect>
</effects>
<autoRotation>HOUR</autoRotation>
<autoRotationDirection>CLOCKWISE</autoRotationDirection>
<autoRotationMultiplier>1</autoRotationMultiplier>
<autoRotationMovement>SMOOTH</autoRotationMovement>
<opacity>1.0</opacity>
<enabled>yes</enabled>
<fillStyle>
<paintStyle>RADIAL_GRADIENT</paintStyle>
<colorPoints>
<point>
<position>0.86466163</position>
<color>#ffcccccc</color>
</point>
<point>
<position>1.0</position>
<color>#ff000000</color>
</point>
</colorPoints>
<angle>0.0</angle>
<offsetX>0.0</offsetX>
<offsetY>0.0</offsetY>
<textureScale>1.0</textureScale>
</fillStyle>
<strokeStyle>
<paintStyle>SOLID</paintStyle>
<colorPoints>
<point>
<position>0.0</position>
<color>#ffff0000</color>
</point>
<point>
<position>1.0</position>
<color>#ff000000</color>
</point>
</colorPoints>
<angle>0.0</angle>
<offsetX>0.0</offsetX>
<offsetY>0.0</offsetY>
<textureScale>1.0</textureScale>
</strokeStyle>
<thickness>2.0</thickness>
<startAngle>0.0</startAngle>
<sections>
<section>
<top>0.0; 130.0</top>
<bottom>10.0; 0.0</bottom>
<controlPoint>6.0; 0.0</controlPoint>
</section>
</sections>
</HandLayer>
<HandLayer>
<type>HandLayer</type>
<name></name>
<center>200.0; 200.0</center>
<middle>400.0; 400.0</middle>
<effects>
<EmbossEffect>
<enabled>yes</enabled>
<embossSoftness>5.0</embossSoftness>
<embossHeight>3.0</embossHeight>
<embossElevation>3.0</embossElevation>
<embossLightAngle>45.0</embossLightAngle>
<embossBumpSource>TRANSPARENCY</embossBumpSource>
<mapOffsetX>0.0</mapOffsetX>
<mapOffsetY>0.0</mapOffsetY>
<mapScale>1.0</mapScale>
<bumpMethod>STANDARD</bumpMethod>
<maxDistance>10</maxDistance>
<blurLevel>2.0</blurLevel>
<bumpSide>INSIDE_AND_OUTSIDE</bumpSide>
<MappingFunction>
<Point>0.0; 0.0</Point>
<Point>1.0; 1.0</Point>
</MappingFunction>
<lightColor>#ffffffff</lightColor>
<secondLightEnabled>no</secondLightEnabled>
<secondLightElevation>90.0</secondLightElevation>
<secondLightAngle>45.0</secondLightAngle>
<secondLightIntensity>0.5</secondLightIntensity>
<secondLightType>AMBIENT</secondLightType>
<secondLightColor>#ffffffff</secondLightColor>
</EmbossEffect>
</effects>
<autoRotation>MINUTE</autoRotation>
<autoRotationDirection>CLOCKWISE</autoRotationDirection>
<autoRotationMultiplier>1</autoRotationMultiplier>
<autoRotationMovement>SMOOTH</autoRotationMovement>
<opacity>1.0</opacity>
<enabled>yes</enabled>
<fillStyle>
<paintStyle>RADIAL_GRADIENT</paintStyle>
<colorPoints>
<point>
<position>0.86466163</position>
<color>#ffcccccc</color>
</point>
<point>
<position>1.0</position>
<color>#ff000000</color>
</point>
</colorPoints>
<angle>0.0</angle>
<offsetX>0.0</offsetX>
<offsetY>0.0</offsetY>
<textureScale>1.0</textureScale>
</fillStyle>
<strokeStyle>
<paintStyle>SOLID</paintStyle>
<colorPoints>
<point>
<position>0.0</position>
<color>#ffff0000</color>
</point>
<point>
<position>1.0</position>
<color>#ff000000</color>
</point>
</colorPoints>
<angle>0.0</angle>
<offsetX>0.0</offsetX>
<offsetY>0.0</offsetY>
<textureScale>1.0</textureScale>
</strokeStyle>
<thickness>2.0</thickness>
<startAngle>0.0</startAngle>
<sections>
<section>
<top>0.0; 171.4</top>
<bottom>10.0; 0.0</bottom>
<controlPoint>6.0; 0.0</controlPoint>
</section>
</sections>
</HandLayer>
<RectangularLayer>
<type>Rectangle</type>
<name></name>
<center>200.0; 200.0</center>
<middle>12.0; 12.0</middle>
<effects>
</effects>
<autoRotation>NONE</autoRotation>
<autoRotationDirection>CLOCKWISE</autoRotationDirection>
<autoRotationMultiplier>1</autoRotationMultiplier>
<autoRotationMovement>SMOOTH</autoRotationMovement>
<opacity>1.0</opacity>
<enabled>yes</enabled>
<width>15.0</width>
<height>15.0</height>
<rotation>360.0</rotation>
<cornerRadius>800.0</cornerRadius>
<fillStyle>
<paintStyle>RADIAL_GRADIENT</paintStyle>
<colorPoints>
<point>
<position>0.0</position>
<color>#ff666666</color>
</point>
<point>
<position>1.0</position>
<color>#ff000000</color>
</point>
</colorPoints>
<angle>0.0</angle>
<offsetX>0.0</offsetX>
<offsetY>0.0</offsetY>
<textureScale>1.0</textureScale>
</fillStyle>
<strokeStyle>
<paintStyle>SOLID</paintStyle>
<colorPoints>
<point>
<position>0.0</position>
<color>#ffff0000</color>
</point>
<point>
<position>1.0</position>
<color>#ff000000</color>
</point>
</colorPoints>
<angle>0.0</angle>
<offsetX>0.0</offsetX>
<offsetY>0.0</offsetY>
<textureScale>1.0</textureScale>
</strokeStyle>
<thickness>0.0</thickness>
</RectangularLayer>
<ChargingIconLayer>
<type>ChargingIconLayer</type>
<name></name>
<center>180.0; 221.0</center>
<middle>400.0; 400.0</middle>
<effects>
</effects>
<autoRotation>NONE</autoRotation>
<autoRotationDirection>CLOCKWISE</autoRotationDirection>
<autoRotationMultiplier>1</autoRotationMultiplier>
<autoRotationMovement>SMOOTH</autoRotationMovement>
<opacity>1.0</opacity>
<enabled>yes</enabled>
<color>BLACK</color>
</ChargingIconLayer>
<DigitalClockLayer>
<type>Digital Clock</type>
<name></name>
<center>284.0; 200.0</center>
<middle>200.0; 200.0</middle>
<effects>
<EmbossEffect>
<enabled>yes</enabled>
<embossSoftness>5.0</embossSoftness>
<embossHeight>3.0</embossHeight>
<embossElevation>3.0</embossElevation>
<embossLightAngle>45.0</embossLightAngle>
<embossBumpSource>TRANSPARENCY</embossBumpSource>
<mapOffsetX>0.0</mapOffsetX>
<mapOffsetY>0.0</mapOffsetY>
<mapScale>1.0</mapScale>
<bumpMethod>STANDARD</bumpMethod>
<maxDistance>10</maxDistance>
<blurLevel>2.0</blurLevel>
<bumpSide>INSIDE_AND_OUTSIDE</bumpSide>
<MappingFunction>
<Point>0.0; 0.0</Point>
<Point>1.0; 1.0</Point>
</MappingFunction>
<lightColor>#ffffffff</lightColor>
<secondLightEnabled>no</secondLightEnabled>
<secondLightElevation>90.0</secondLightElevation>
<secondLightAngle>45.0</secondLightAngle>
<secondLightIntensity>0.5</secondLightIntensity>
<secondLightType>AMBIENT</secondLightType>
<secondLightColor>#ffffffff</secondLightColor>
</EmbossEffect>
<SimpleEmbossEffect>
<enabled>yes</enabled>
<distance>2.0</distance>
<angle>0.0</angle>
<strength>1.0</strength>
</SimpleEmbossEffect>
</effects>
<autoRotation>NONE</autoRotation>
<autoRotationDirection>CLOCKWISE</autoRotationDirection>
<autoRotationMultiplier>1</autoRotationMultiplier>
<autoRotationMovement>SMOOTH</autoRotationMovement>
<opacity>1.0</opacity>
<enabled>yes</enabled>
<font>Arial;26;1</font>
<fillStyle>
<paintStyle>SOLID</paintStyle>
<colorPoints>
<point>
<position>0.0</position>
<color>#ff000000</color>
</point>
<point>
<position>1.0</position>
<color>#ff000000</color>
</point>
</colorPoints>
<angle>0.0</angle>
<offsetX>0.0</offsetX>
<offsetY>0.0</offsetY>
<textureScale>1.0</textureScale>
</fillStyle>
<strokeStyle>
<paintStyle>SOLID</paintStyle>
<colorPoints>
<point>
<position>0.0</position>
<color>#ff000000</color>
</point>
<point>
<position>1.0</position>
<color>#ff000000</color>
</point>
</colorPoints>
<angle>0.0</angle>
<offsetX>0.0</offsetX>
<offsetY>0.0</offsetY>
<textureScale>1.0</textureScale>
</strokeStyle>
<strokeWidth>0.0</strokeWidth>
<characterSpacing>0.0</characterSpacing>
<clockType>WEEKDAY</clockType>
<angle>0.0</angle>
<imageScaleMethod>NO_RESCALE</imageScaleMethod>
<imageScaleWidth>70.0</imageScaleWidth>
<imageScaleHeight>100.0</imageScaleHeight>
<textAlignment>CENTER</textAlignment>
<textOffset>0.0</textOffset>
<allowEffectsToResizeDigits>no</allowEffectsToResizeDigits>
<values>
<value type="text">NE</value>
<value type="text">PO</value>
<value type="text">&#xda;T</value>
<value type="text">ST</value>
<value type="text">&#x10c;T</value>
<value type="text">P&#xc1;</value>
<value type="text">SO</value>
</values>
</DigitalClockLayer>
<TicksLayer>
<type>Ticks</type>
<name></name>
<center>200.0; 200.0</center>
<middle>178.0; 178.0</middle>
<effects>
<SimpleEmbossEffect>
<enabled>yes</enabled>
<distance>2.0</distance>
<angle>0.0</angle>
<strength>1.0</strength>
</SimpleEmbossEffect>
</effects>
<autoRotation>MINUTE</autoRotation>
<autoRotationDirection>CLOCKWISE</autoRotationDirection>
<autoRotationMultiplier>1</autoRotationMultiplier>
<autoRotationMovement>SMOOTH</autoRotationMovement>
<opacity>1.0</opacity>
<enabled>yes</enabled>
<outterRadius>177</outterRadius>
<innerRadius>152</innerRadius>
<numberOfTicks>1</numberOfTicks>
<fillStyle>
<paintStyle>SOLID</paintStyle>
<colorPoints>
<point>
<position>0.0</position>
<color>#ff000000</color>
</point>
<point>
<position>1.0</position>
<color>#ff000000</color>
</point>
</colorPoints>
<angle>0.0</angle>
<offsetX>0.0</offsetX>
<offsetY>0.0</offsetY>
<textureScale>1.0</textureScale>
</fillStyle>
<strokeStyle>
<paintStyle>SOLID</paintStyle>
<colorPoints>
<point>
<position>0.0</position>
<color>#ffffffff</color>
</point>
<point>
<position>1.0</position>
<color>#ff000000</color>
</point>
</colorPoints>
<angle>0.0</angle>
<offsetX>0.0</offsetX>
<offsetY>0.0</offsetY>
<textureScale>1.0</textureScale>
</strokeStyle>
<strokeThickness>0.0</strokeThickness>
<topThickness>0.01</topThickness>
<bottomThickness>12.83</bottomThickness>
<dotSize>10.0</dotSize>
<startAngle>0.0</startAngle>
<angleSpan>360.0</angleSpan>
<skipText></skipText>
<representationStyle>TICK</representationStyle>
<fillStylePerTick>no</fillStylePerTick>
<strokeStylePerTick>no</strokeStylePerTick>
<filename></filename>
</TicksLayer>
<TicksLayer>
<type>Ticks</type>
<name></name>
<center>200.0; 200.0</center>
<middle>138.0; 138.0</middle>
<effects>
<SimpleEmbossEffect>
<enabled>yes</enabled>
<distance>2.0</distance>
<angle>0.0</angle>
<strength>1.0</strength>
</SimpleEmbossEffect>
</effects>
<autoRotation>HOUR</autoRotation>
<autoRotationDirection>CLOCKWISE</autoRotationDirection>
<autoRotationMultiplier>1</autoRotationMultiplier>
<autoRotationMovement>SMOOTH</autoRotationMovement>
<opacity>1.0</opacity>
<enabled>yes</enabled>
<outterRadius>137</outterRadius>
<innerRadius>110</innerRadius>
<numberOfTicks>1</numberOfTicks>
<fillStyle>
<paintStyle>RADIAL_GRADIENT</paintStyle>
<colorPoints>
<point>
<position>0.0</position>
<color>#ff000000</color>
</point>
<point>
<position>1.0</position>
<color>#ff000000</color>
</point>
</colorPoints>
<angle>0.0</angle>
<offsetX>0.0</offsetX>
<offsetY>0.0</offsetY>
<textureScale>1.0</textureScale>
</fillStyle>
<strokeStyle>
<paintStyle>SOLID</paintStyle>
<colorPoints>
<point>
<position>0.0</position>
<color>#ffffffff</color>
</point>
<point>
<position>1.0</position>
<color>#ff000000</color>
</point>
</colorPoints>
<angle>0.0</angle>
<offsetX>0.0</offsetX>
<offsetY>0.0</offsetY>
<textureScale>1.0</textureScale>
</strokeStyle>
<strokeThickness>0.0</strokeThickness>
<topThickness>1.28</topThickness>
<bottomThickness>13.89</bottomThickness>
<dotSize>10.0</dotSize>
<startAngle>0.0</startAngle>
<angleSpan>360.0</angleSpan>
<skipText></skipText>
<representationStyle>TICK</representationStyle>
<fillStylePerTick>no</fillStylePerTick>
<strokeStylePerTick>no</strokeStylePerTick>
<filename></filename>
</TicksLayer>
<DigitalClockLayer>
<type>Digital Clock</type>
<name></name>
<center>339.0; 200.0</center>
<middle>200.0; 200.0</middle>
<effects>
<EmbossEffect>
<enabled>yes</enabled>
<embossSoftness>5.0</embossSoftness>
<embossHeight>3.0</embossHeight>
<embossElevation>3.0</embossElevation>
<embossLightAngle>45.0</embossLightAngle>
<embossBumpSource>TRANSPARENCY</embossBumpSource>
<mapOffsetX>0.0</mapOffsetX>
<mapOffsetY>0.0</mapOffsetY>
<mapScale>1.0</mapScale>
<bumpMethod>STANDARD</bumpMethod>
<maxDistance>10</maxDistance>
<blurLevel>2.0</blurLevel>
<bumpSide>INSIDE_AND_OUTSIDE</bumpSide>
<MappingFunction>
<Point>0.0; 0.0</Point>
<Point>1.0; 1.0</Point>
</MappingFunction>
<lightColor>#ffffffff</lightColor>
<secondLightEnabled>no</secondLightEnabled>
<secondLightElevation>90.0</secondLightElevation>
<secondLightAngle>45.0</secondLightAngle>
<secondLightIntensity>0.5</secondLightIntensity>
<secondLightType>AMBIENT</secondLightType>
<secondLightColor>#ffffffff</secondLightColor>
</EmbossEffect>
<EmbossEffect>
<enabled>yes</enabled>
<embossSoftness>5.0</embossSoftness>
<embossHeight>3.0</embossHeight>
<embossElevation>3.0</embossElevation>
<embossLightAngle>45.0</embossLightAngle>
<embossBumpSource>TRANSPARENCY</embossBumpSource>
<mapOffsetX>0.0</mapOffsetX>
<mapOffsetY>0.0</mapOffsetY>
<mapScale>1.0</mapScale>
<bumpMethod>STANDARD</bumpMethod>
<maxDistance>10</maxDistance>
<blurLevel>2.0</blurLevel>
<bumpSide>INSIDE_AND_OUTSIDE</bumpSide>
<MappingFunction>
<Point>0.0; 0.0</Point>
<Point>1.0; 1.0</Point>
</MappingFunction>
<lightColor>#ffffffff</lightColor>
<secondLightEnabled>no</secondLightEnabled>
<secondLightElevation>90.0</secondLightElevation>
<secondLightAngle>45.0</secondLightAngle>
<secondLightIntensity>0.5</secondLightIntensity>
<secondLightType>AMBIENT</secondLightType>
<secondLightColor>#ffffffff</secondLightColor>
</EmbossEffect>
<EmbossEffect>
<enabled>yes</enabled>
<embossSoftness>5.0</embossSoftness>
<embossHeight>3.0</embossHeight>
<embossElevation>3.0</embossElevation>
<embossLightAngle>45.0</embossLightAngle>
<embossBumpSource>TRANSPARENCY</embossBumpSource>
<mapOffsetX>0.0</mapOffsetX>
<mapOffsetY>0.0</mapOffsetY>
<mapScale>1.0</mapScale>
<bumpMethod>STANDARD</bumpMethod>
<maxDistance>10</maxDistance>
<blurLevel>2.0</blurLevel>
<bumpSide>INSIDE_AND_OUTSIDE</bumpSide>
<MappingFunction>
<Point>0.0; 0.0</Point>
<Point>1.0; 1.0</Point>
</MappingFunction>
<lightColor>#ffffffff</lightColor>
<secondLightEnabled>no</secondLightEnabled>
<secondLightElevation>90.0</secondLightElevation>
<secondLightAngle>45.0</secondLightAngle>
<secondLightIntensity>0.5</secondLightIntensity>
<secondLightType>AMBIENT</secondLightType>
<secondLightColor>#ffffffff</secondLightColor>
</EmbossEffect>
</effects>
<autoRotation>NONE</autoRotation>
<autoRotationDirection>CLOCKWISE</autoRotationDirection>
<autoRotationMultiplier>1</autoRotationMultiplier>
<autoRotationMovement>SMOOTH</autoRotationMovement>
<opacity>1.0</opacity>
<enabled>yes</enabled>
<font>Arial Rounded MT Bold;36;1</font>
<fillStyle>
<paintStyle>SOLID</paintStyle>
<colorPoints>
<point>
<position>0.0</position>
<color>#ffff0000</color>
</point>
<point>
<position>1.0</position>
<color>#ff000000</color>
</point>
</colorPoints>
<angle>0.0</angle>
<offsetX>0.0</offsetX>
<offsetY>0.0</offsetY>
<textureScale>1.0</textureScale>
</fillStyle>
<strokeStyle>
<paintStyle>SOLID</paintStyle>
<colorPoints>
<point>
<position>0.0</position>
<color>#ff000000</color>
</point>
<point>
<position>1.0</position>
<color>#ff000000</color>
</point>
</colorPoints>
<angle>0.0</angle>
<offsetX>0.0</offsetX>
<offsetY>0.0</offsetY>
<textureScale>1.0</textureScale>
</strokeStyle>
<strokeWidth>0.0</strokeWidth>
<characterSpacing>0.0</characterSpacing>
<clockType>DAY</clockType>
<angle>0.0</angle>
<imageScaleMethod>NO_RESCALE</imageScaleMethod>
<imageScaleWidth>70.0</imageScaleWidth>
<imageScaleHeight>100.0</imageScaleHeight>
<textAlignment>CENTER</textAlignment>
<textOffset>0.0</textOffset>
<allowEffectsToResizeDigits>no</allowEffectsToResizeDigits>
<values>
<value type="text">0</value>
<value type="text">1</value>
<value type="text">2</value>
<value type="text">3</value>
<value type="text">4</value>
<value type="text">5</value>
<value type="text">6</value>
<value type="text">7</value>
<value type="text">8</value>
<value type="text">9</value>
</values>
</DigitalClockLayer>
</WatchFaceDesign>
