<WatchFaceDesign width="400" height="400" round="true">
<RectangularLayer>
<type>Rectangle</type>
<name></name>
<center>200.0; 200.0</center>
<middle>201.0; 201.0</middle>
<effects>
</effects>
<autoRotation>NONE</autoRotation>
<autoRotationDirection>CLOCKWISE</autoRotationDirection>
<autoRotationMultiplier>1</autoRotationMultiplier>
<autoRotationMovement>SMOOTH</autoRotationMovement>
<opacity>1.0</opacity>
<enabled>yes</enabled>
<width>400.0</width>
<height>400.0</height>
<rotation>0.0</rotation>
<cornerRadius>0.0</cornerRadius>
<fillStyle>
<paintStyle>RADIAL_GRADIENT</paintStyle>
<colorPoints>
<point>
<position>0.0</position>
<color>#ffffffff</color>
</point>
<point>
<position>1.0</position>
<color>#ff000000</color>
</point>
</colorPoints>
<angle>0.0</angle>
<offsetX>0.0</offsetX>
<offsetY>0.0</offsetY>
<textureScale>1.0</textureScale>
</fillStyle>
<strokeStyle>
<paintStyle>RADIAL_GRADIENT</paintStyle>
<colorPoints>
<point>
<position>0.0</position>
<color>#ffffffff</color>
</point>
<point>
<position>1.0</position>
<color>#ff000000</color>
</point>
</colorPoints>
<angle>0.0</angle>
<offsetX>0.0</offsetX>
<offsetY>0.0</offsetY>
<textureScale>1.0</textureScale>
</strokeStyle>
<thickness>0.0</thickness>
</RectangularLayer>
<HandLayer>
<type>HandLayer</type>
<name></name>
<center>104.0; 200.0</center>
<middle>400.0; 400.0</middle>
<effects>
</effects>
<autoRotation>MONTH</autoRotation>
<autoRotationDirection>CLOCKWISE</autoRotationDirection>
<autoRotationMultiplier>1</autoRotationMultiplier>
<autoRotationMovement>SMOOTH</autoRotationMovement>
<opacity>1.0</opacity>
<enabled>yes</enabled>
<fillStyle>
<paintStyle>SOLID</paintStyle>
<colorPoints>
<point>
<position>0.0</position>
<color>#ffffff00</color>
</point>
<point>
<position>1.0</position>
<color>#ff000000</color>
</point>
</colorPoints>
<angle>0.0</angle>
<offsetX>0.0</offsetX>
<offsetY>0.0</offsetY>
<textureScale>1.0</textureScale>
</fillStyle>
<strokeStyle>
<paintStyle>SOLID</paintStyle>
<colorPoints>
<point>
<position>0.0</position>
<color>#ffffffff</color>
</point>
<point>
<position>1.0</position>
<color>#ff000000</color>
</point>
</colorPoints>
<angle>0.0</angle>
<offsetX>0.0</offsetX>
<offsetY>0.0</offsetY>
<textureScale>1.0</textureScale>
</strokeStyle>
<thickness>0.0</thickness>
<startAngle>0.0</startAngle>
<sections>
<section>
<top>0.0; 38.2</top>
<bottom>10.0; 0.0</bottom>
<controlPoint>-13.6; -14.1</controlPoint>
</section>
</sections>
</HandLayer>
<PerspectiveTextLayer>
<type>Text</type>
<name></name>
<center>104.0; 200.0</center>
<middle>54.0; 54.0</middle>
<effects>
</effects>
<autoRotation>NONE</autoRotation>
<autoRotationDirection>CLOCKWISE</autoRotationDirection>
<autoRotationMultiplier>1</autoRotationMultiplier>
<autoRotationMovement>SMOOTH</autoRotationMovement>
<opacity>1.0</opacity>
<enabled>yes</enabled>
<radius>38</radius>
<font>Arial;12;0</font>
<fillStyle>
<paintStyle>SOLID</paintStyle>
<colorPoints>
<point>
<position>0.0</position>
<color>#ffffffff</color>
</point>
<point>
<position>1.0</position>
<color>#ff000000</color>
</point>
</colorPoints>
<angle>0.0</angle>
<offsetX>0.0</offsetX>
<offsetY>0.0</offsetY>
<textureScale>1.0</textureScale>
</fillStyle>
<strokeStyle>
<paintStyle>SOLID</paintStyle>
<colorPoints>
<point>
<position>0.0</position>
<color>#ff000000</color>
</point>
<point>
<position>1.0</position>
<color>#ff000000</color>
</point>
</colorPoints>
<angle>0.0</angle>
<offsetX>0.0</offsetX>
<offsetY>0.0</offsetY>
<textureScale>1.0</textureScale>
</strokeStyle>
<strokeWidth>0.0</strokeWidth>
<rotatedTextSpacing>0.0</rotatedTextSpacing>
<squarify>0.0</squarify>
<startAngle>0.0</startAngle>
<angleSpan>360.0</angleSpan>
<numbers>12,1,2,3,4,5,6,7,8,9,10,11</numbers>
<rotationStyle>ALWAYS</rotationStyle>
<textSlant>0.0</textSlant>
<perspectiveAngle>0.0</perspectiveAngle>
<locationRelativeToRadius>DEFAULT</locationRelativeToRadius>
</PerspectiveTextLayer>
<PerspectiveTextLayer>
<type>Text</type>
<name></name>
<center>203.0; 138.0</center>
<middle>177.0; 177.0</middle>
<effects>
</effects>
<autoRotation>NONE</autoRotation>
<autoRotationDirection>CLOCKWISE</autoRotationDirection>
<autoRotationMultiplier>1</autoRotationMultiplier>
<autoRotationMovement>SMOOTH</autoRotationMovement>
<opacity>1.0</opacity>
<enabled>yes</enabled>
<radius>39</radius>
<font>Arial Unicode MS;14;0</font>
<fillStyle>
<paintStyle>SOLID</paintStyle>
<colorPoints>
<point>
<position>0.0</position>
<color>#ffffffff</color>
</point>
<point>
<position>1.0</position>
<color>#ff000000</color>
</point>
</colorPoints>
<angle>0.0</angle>
<offsetX>0.0</offsetX>
<offsetY>0.0</offsetY>
<textureScale>1.0</textureScale>
</fillStyle>
<strokeStyle>
<paintStyle>SOLID</paintStyle>
<colorPoints>
<point>
<position>0.0</position>
<color>#ff000000</color>
</point>
<point>
<position>1.0</position>
<color>#ff000000</color>
</point>
</colorPoints>
<angle>0.0</angle>
<offsetX>0.0</offsetX>
<offsetY>0.0</offsetY>
<textureScale>1.0</textureScale>
</strokeStyle>
<strokeWidth>0.0</strokeWidth>
<rotatedTextSpacing>0.0</rotatedTextSpacing>
<squarify>0.0</squarify>
<startAngle>0.0</startAngle>
<angleSpan>360.0</angleSpan>
<numbers>LEMFO LEM 12 PRO</numbers>
<rotationStyle>NONE</rotationStyle>
<textSlant>0.0</textSlant>
<perspectiveAngle>15.33</perspectiveAngle>
<locationRelativeToRadius>DEFAULT</locationRelativeToRadius>
</PerspectiveTextLayer>
<HandLayer>
<type>HandLayer</type>
<name></name>
<center>200.0; 296.0</center>
<middle>400.0; 400.0</middle>
<effects>
</effects>
<autoRotation>SECOND</autoRotation>
<autoRotationDirection>CLOCKWISE</autoRotationDirection>
<autoRotationMultiplier>1</autoRotationMultiplier>
<autoRotationMovement>SMOOTH</autoRotationMovement>
<opacity>1.0</opacity>
<enabled>yes</enabled>
<fillStyle>
<paintStyle>SOLID</paintStyle>
<colorPoints>
<point>
<position>0.0</position>
<color>#ffffff00</color>
</point>
<point>
<position>1.0</position>
<color>#ff000000</color>
</point>
</colorPoints>
<angle>0.0</angle>
<offsetX>0.0</offsetX>
<offsetY>0.0</offsetY>
<textureScale>1.0</textureScale>
</fillStyle>
<strokeStyle>
<paintStyle>SOLID</paintStyle>
<colorPoints>
<point>
<position>0.0</position>
<color>#ffffffff</color>
</point>
<point>
<position>1.0</position>
<color>#ff000000</color>
</point>
</colorPoints>
<angle>0.0</angle>
<offsetX>0.0</offsetX>
<offsetY>0.0</offsetY>
<textureScale>1.0</textureScale>
</strokeStyle>
<thickness>0.0</thickness>
<startAngle>0.0</startAngle>
<sections>
<section>
<top>0.0; 38.1</top>
<bottom>10.0; 0.0</bottom>
<controlPoint>-14.1; -13.6</controlPoint>
</section>
</sections>
</HandLayer>
<PerspectiveTextLayer>
<type>Text</type>
<name></name>
<center>200.0; 296.0</center>
<middle>56.0; 56.0</middle>
<effects>
</effects>
<autoRotation>NONE</autoRotation>
<autoRotationDirection>CLOCKWISE</autoRotationDirection>
<autoRotationMultiplier>1</autoRotationMultiplier>
<autoRotationMovement>SMOOTH</autoRotationMovement>
<opacity>1.0</opacity>
<enabled>yes</enabled>
<radius>38</radius>
<font>Arial;12;0</font>
<fillStyle>
<paintStyle>SOLID</paintStyle>
<colorPoints>
<point>
<position>0.0</position>
<color>#ffffffff</color>
</point>
<point>
<position>1.0</position>
<color>#ff000000</color>
</point>
</colorPoints>
<angle>0.0</angle>
<offsetX>0.0</offsetX>
<offsetY>0.0</offsetY>
<textureScale>1.0</textureScale>
</fillStyle>
<strokeStyle>
<paintStyle>SOLID</paintStyle>
<colorPoints>
<point>
<position>0.0</position>
<color>#ff000000</color>
</point>
<point>
<position>1.0</position>
<color>#ff000000</color>
</point>
</colorPoints>
<angle>0.0</angle>
<offsetX>0.0</offsetX>
<offsetY>0.0</offsetY>
<textureScale>1.0</textureScale>
</strokeStyle>
<strokeWidth>0.0</strokeWidth>
<rotatedTextSpacing>0.0</rotatedTextSpacing>
<squarify>0.0</squarify>
<startAngle>0.0</startAngle>
<angleSpan>360.0</angleSpan>
<numbers>60,!,!,15,!,!,30,!,!,45,!,!</numbers>
<rotationStyle>ALWAYS</rotationStyle>
<textSlant>0.0</textSlant>
<perspectiveAngle>0.0</perspectiveAngle>
<locationRelativeToRadius>DEFAULT</locationRelativeToRadius>
</PerspectiveTextLayer>
<DigitalClockLayer>
<type>Digital Clock</type>
<name></name>
<center>292.0; 237.0</center>
<middle>200.0; 200.0</middle>
<effects>
</effects>
<autoRotation>NONE</autoRotation>
<autoRotationDirection>CLOCKWISE</autoRotationDirection>
<autoRotationMultiplier>1</autoRotationMultiplier>
<autoRotationMovement>SMOOTH</autoRotationMovement>
<opacity>1.0</opacity>
<enabled>yes</enabled>
<font>Arial;20;0</font>
<fillStyle>
<paintStyle>SOLID</paintStyle>
<colorPoints>
<point>
<position>0.0</position>
<color>#ffffffff</color>
</point>
<point>
<position>1.0</position>
<color>#ff000000</color>
</point>
</colorPoints>
<angle>0.0</angle>
<offsetX>0.0</offsetX>
<offsetY>0.0</offsetY>
<textureScale>1.0</textureScale>
</fillStyle>
<strokeStyle>
<paintStyle>SOLID</paintStyle>
<colorPoints>
<point>
<position>0.0</position>
<color>#ff000000</color>
</point>
<point>
<position>1.0</position>
<color>#ff000000</color>
</point>
</colorPoints>
<angle>0.0</angle>
<offsetX>0.0</offsetX>
<offsetY>0.0</offsetY>
<textureScale>1.0</textureScale>
</strokeStyle>
<strokeWidth>0.0</strokeWidth>
<characterSpacing>0.0</characterSpacing>
<clockType>BATTERYLEVEL</clockType>
<angle>0.0</angle>
<imageScaleMethod>NO_RESCALE</imageScaleMethod>
<imageScaleWidth>70.0</imageScaleWidth>
<imageScaleHeight>100.0</imageScaleHeight>
<textAlignment>CENTER</textAlignment>
<textOffset>0.0</textOffset>
<allowEffectsToResizeDigits>no</allowEffectsToResizeDigits>
<values>
<value type="text">0</value>
<value type="text">1</value>
<value type="text">2</value>
<value type="text">3</value>
<value type="text">4</value>
<value type="text">5</value>
<value type="text">6</value>
<value type="text">7</value>
<value type="text">8</value>
<value type="text">9</value>
<value type="text"> </value>
<value type="text">%</value>
</values>
</DigitalClockLayer>
<TicksLayer>
<type>Ticks</type>
<name></name>
<center>200.0; 200.0</center>
<middle>194.0; 194.0</middle>
<effects>
<SimpleEmbossEffect>
<enabled>yes</enabled>
<distance>2.0</distance>
<angle>0.0</angle>
<strength>1.0</strength>
</SimpleEmbossEffect>
</effects>
<autoRotation>NONE</autoRotation>
<autoRotationDirection>CLOCKWISE</autoRotationDirection>
<autoRotationMultiplier>1</autoRotationMultiplier>
<autoRotationMovement>SMOOTH</autoRotationMovement>
<opacity>1.0</opacity>
<enabled>yes</enabled>
<outterRadius>193</outterRadius>
<innerRadius>186</innerRadius>
<numberOfTicks>60</numberOfTicks>
<fillStyle>
<paintStyle>SOLID</paintStyle>
<colorPoints>
<point>
<position>0.0</position>
<color>#ffffffff</color>
</point>
<point>
<position>1.0</position>
<color>#ff000000</color>
</point>
</colorPoints>
<angle>0.0</angle>
<offsetX>0.0</offsetX>
<offsetY>0.0</offsetY>
<textureScale>1.0</textureScale>
</fillStyle>
<strokeStyle>
<paintStyle>SOLID</paintStyle>
<colorPoints>
<point>
<position>0.0</position>
<color>#ffffffff</color>
</point>
<point>
<position>1.0</position>
<color>#ff000000</color>
</point>
</colorPoints>
<angle>0.0</angle>
<offsetX>0.0</offsetX>
<offsetY>0.0</offsetY>
<textureScale>1.0</textureScale>
</strokeStyle>
<strokeThickness>0.0</strokeThickness>
<topThickness>2.0</topThickness>
<bottomThickness>2.0</bottomThickness>
<dotSize>7.0</dotSize>
<startAngle>0.0</startAngle>
<angleSpan>360.0</angleSpan>
<skipText></skipText>
<representationStyle>TICK</representationStyle>
<fillStylePerTick>no</fillStylePerTick>
<strokeStylePerTick>no</strokeStylePerTick>
<filename></filename>
</TicksLayer>
<PerspectiveTextLayer>
<type>Text</type>
<name></name>
<center>200.0; 200.0</center>
<middle>192.0; 192.0</middle>
<effects>
<EmbossEffect>
<enabled>yes</enabled>
<embossSoftness>5.0</embossSoftness>
<embossHeight>3.0</embossHeight>
<embossElevation>3.0</embossElevation>
<embossLightAngle>45.0</embossLightAngle>
<embossBumpSource>TRANSPARENCY</embossBumpSource>
<mapOffsetX>0.0</mapOffsetX>
<mapOffsetY>0.0</mapOffsetY>
<mapScale>1.0</mapScale>
<bumpMethod>STANDARD</bumpMethod>
<maxDistance>10</maxDistance>
<blurLevel>2.0</blurLevel>
<bumpSide>INSIDE_AND_OUTSIDE</bumpSide>
<MappingFunction>
<Point>0.0; 0.0</Point>
<Point>1.0; 1.0</Point>
</MappingFunction>
<lightColor>#ffffffff</lightColor>
<secondLightEnabled>no</secondLightEnabled>
<secondLightElevation>90.0</secondLightElevation>
<secondLightAngle>45.0</secondLightAngle>
<secondLightIntensity>0.5</secondLightIntensity>
<secondLightType>AMBIENT</secondLightType>
<secondLightColor>#ffffffff</secondLightColor>
</EmbossEffect>
</effects>
<autoRotation>NONE</autoRotation>
<autoRotationDirection>CLOCKWISE</autoRotationDirection>
<autoRotationMultiplier>1</autoRotationMultiplier>
<autoRotationMovement>SMOOTH</autoRotationMovement>
<opacity>1.0</opacity>
<enabled>yes</enabled>
<radius>150</radius>
<font>Baskerville Old Face;40;1</font>
<fillStyle>
<paintStyle>SOLID</paintStyle>
<colorPoints>
<point>
<position>0.0</position>
<color>#ffffffff</color>
</point>
<point>
<position>1.0</position>
<color>#ff000000</color>
</point>
</colorPoints>
<angle>0.0</angle>
<offsetX>0.0</offsetX>
<offsetY>0.0</offsetY>
<textureScale>1.0</textureScale>
</fillStyle>
<strokeStyle>
<paintStyle>SOLID</paintStyle>
<colorPoints>
<point>
<position>0.0</position>
<color>#ff000000</color>
</point>
<point>
<position>1.0</position>
<color>#ff000000</color>
</point>
</colorPoints>
<angle>0.0</angle>
<offsetX>0.0</offsetX>
<offsetY>0.0</offsetY>
<textureScale>1.0</textureScale>
</strokeStyle>
<strokeWidth>0.0</strokeWidth>
<rotatedTextSpacing>0.0</rotatedTextSpacing>
<squarify>0.0</squarify>
<startAngle>0.0</startAngle>
<angleSpan>360.0</angleSpan>
<numbers>12,1,2,3,4,5,6,7,8,9,10,11</numbers>
<rotationStyle>NONE</rotationStyle>
<textSlant>0.0</textSlant>
<perspectiveAngle>2.0</perspectiveAngle>
<locationRelativeToRadius>DEFAULT</locationRelativeToRadius>
</PerspectiveTextLayer>
<GroupLayer>
<type>Group</type>
<name></name>
<center>199.0; 201.0</center>
<middle>384.0; 236.0</middle>
<effects>
<SimpleEmbossEffect>
<enabled>yes</enabled>
<distance>2.0</distance>
<angle>0.0</angle>
<strength>1.0</strength>
</SimpleEmbossEffect>
<EmbossEffect>
<enabled>yes</enabled>
<embossSoftness>5.0</embossSoftness>
<embossHeight>3.0</embossHeight>
<embossElevation>2.57</embossElevation>
<embossLightAngle>26.29</embossLightAngle>
<embossBumpSource>TRANSPARENCY</embossBumpSource>
<mapOffsetX>0.0</mapOffsetX>
<mapOffsetY>0.0</mapOffsetY>
<mapScale>1.0</mapScale>
<bumpMethod>STANDARD</bumpMethod>
<maxDistance>10</maxDistance>
<blurLevel>2.0</blurLevel>
<bumpSide>INSIDE_AND_OUTSIDE</bumpSide>
<MappingFunction>
<Point>0.0; 0.0</Point>
<Point>1.0; 1.0</Point>
</MappingFunction>
<lightColor>#ffffffff</lightColor>
<secondLightEnabled>no</secondLightEnabled>
<secondLightElevation>90.0</secondLightElevation>
<secondLightAngle>45.0</secondLightAngle>
<secondLightIntensity>0.5</secondLightIntensity>
<secondLightType>AMBIENT</secondLightType>
<secondLightColor>#ffffffff</secondLightColor>
</EmbossEffect>
<EmbossEffect>
<enabled>yes</enabled>
<embossSoftness>5.0</embossSoftness>
<embossHeight>3.0</embossHeight>
<embossElevation>3.0</embossElevation>
<embossLightAngle>45.0</embossLightAngle>
<embossBumpSource>TRANSPARENCY</embossBumpSource>
<mapOffsetX>0.0</mapOffsetX>
<mapOffsetY>0.0</mapOffsetY>
<mapScale>1.0</mapScale>
<bumpMethod>STANDARD</bumpMethod>
<maxDistance>10</maxDistance>
<blurLevel>2.0</blurLevel>
<bumpSide>INSIDE_AND_OUTSIDE</bumpSide>
<MappingFunction>
<Point>0.0; 0.0</Point>
<Point>1.0; 1.0</Point>
</MappingFunction>
<lightColor>#ffffffff</lightColor>
<secondLightEnabled>no</secondLightEnabled>
<secondLightElevation>90.0</secondLightElevation>
<secondLightAngle>45.0</secondLightAngle>
<secondLightIntensity>0.5</secondLightIntensity>
<secondLightType>AMBIENT</secondLightType>
<secondLightColor>#ffffffff</secondLightColor>
</EmbossEffect>
</effects>
<autoRotation>NONE</autoRotation>
<autoRotationDirection>CLOCKWISE</autoRotationDirection>
<autoRotationMultiplier>1</autoRotationMultiplier>
<autoRotationMovement>SMOOTH</autoRotationMovement>
<opacity>1.0</opacity>
<enabled>yes</enabled>
<operation>UNION</operation>
<angle>0.0</angle>
<layers>
<RectangularLayer>
<type>Rectangle</type>
<name></name>
<center>308.0; 200.0</center>
<middle>46.0; 26.0</middle>
<effects>
</effects>
<autoRotation>NONE</autoRotation>
<autoRotationDirection>CLOCKWISE</autoRotationDirection>
<autoRotationMultiplier>1</autoRotationMultiplier>
<autoRotationMovement>SMOOTH</autoRotationMovement>
<opacity>1.0</opacity>
<enabled>yes</enabled>
<width>90.0</width>
<height>50.0</height>
<rotation>0.0</rotation>
<cornerRadius>29.3</cornerRadius>
<fillStyle>
<paintStyle>SOLID</paintStyle>
<colorPoints>
<point>
<position>0.62030077</position>
<color>#ffffffff</color>
</point>
<point>
<position>1.0</position>
<color>#ff000000</color>
</point>
</colorPoints>
<angle>0.0</angle>
<offsetX>0.0</offsetX>
<offsetY>0.0</offsetY>
<textureScale>1.0</textureScale>
</fillStyle>
<strokeStyle>
<paintStyle>SOLID</paintStyle>
<colorPoints>
<point>
<position>0.0</position>
<color>#ff000000</color>
</point>
<point>
<position>1.0</position>
<color>#ff000000</color>
</point>
</colorPoints>
<angle>0.0</angle>
<offsetX>0.0</offsetX>
<offsetY>0.0</offsetY>
<textureScale>1.0</textureScale>
</strokeStyle>
<thickness>0.0</thickness>
</RectangularLayer>
<RectangularLayer>
<type>Rectangle</type>
<name></name>
<center>348.0; 200.0</center>
<middle>36.0; 36.0</middle>
<effects>
</effects>
<autoRotation>NONE</autoRotation>
<autoRotationDirection>CLOCKWISE</autoRotationDirection>
<autoRotationMultiplier>1</autoRotationMultiplier>
<autoRotationMovement>SMOOTH</autoRotationMovement>
<opacity>1.0</opacity>
<enabled>yes</enabled>
<width>70.0</width>
<height>70.0</height>
<rotation>0.0</rotation>
<cornerRadius>800.0</cornerRadius>
<fillStyle>
<paintStyle>SOLID</paintStyle>
<colorPoints>
<point>
<position>0.62030077</position>
<color>#ffffffff</color>
</point>
<point>
<position>1.0</position>
<color>#ff000000</color>
</point>
</colorPoints>
<angle>0.0</angle>
<offsetX>0.0</offsetX>
<offsetY>0.0</offsetY>
<textureScale>1.0</textureScale>
</fillStyle>
<strokeStyle>
<paintStyle>SOLID</paintStyle>
<colorPoints>
<point>
<position>0.0</position>
<color>#ff000000</color>
</point>
<point>
<position>1.0</position>
<color>#ff000000</color>
</point>
</colorPoints>
<angle>0.0</angle>
<offsetX>0.0</offsetX>
<offsetY>0.0</offsetY>
<textureScale>1.0</textureScale>
</strokeStyle>
<thickness>0.0</thickness>
</RectangularLayer>
</layers>
</GroupLayer>
<PerspectiveTextLayer>
<type>Text</type>
<name></name>
<center>203.0; 189.0</center>
<middle>246.0; 246.0</middle>
<effects>
<SimpleEmbossEffect>
<enabled>yes</enabled>
<distance>2.0</distance>
<angle>0.0</angle>
<strength>1.0</strength>
</SimpleEmbossEffect>
</effects>
<autoRotation>NONE</autoRotation>
<autoRotationDirection>CLOCKWISE</autoRotationDirection>
<autoRotationMultiplier>1</autoRotationMultiplier>
<autoRotationMovement>SMOOTH</autoRotationMovement>
<opacity>1.0</opacity>
<enabled>yes</enabled>
<radius>102</radius>
<font>Garamond;36;1</font>
<fillStyle>
<paintStyle>SOLID</paintStyle>
<colorPoints>
<point>
<position>0.0</position>
<color>#ff999900</color>
</point>
<point>
<position>1.0</position>
<color>#ff000000</color>
</point>
</colorPoints>
<angle>0.0</angle>
<offsetX>0.0</offsetX>
<offsetY>0.0</offsetY>
<textureScale>1.0</textureScale>
</fillStyle>
<strokeStyle>
<paintStyle>SOLID</paintStyle>
<colorPoints>
<point>
<position>0.0</position>
<color>#ff000000</color>
</point>
<point>
<position>1.0</position>
<color>#ff000000</color>
</point>
</colorPoints>
<angle>0.0</angle>
<offsetX>0.0</offsetX>
<offsetY>0.0</offsetY>
<textureScale>1.0</textureScale>
</strokeStyle>
<strokeWidth>0.0</strokeWidth>
<rotatedTextSpacing>0.0</rotatedTextSpacing>
<squarify>0.0</squarify>
<startAngle>0.0</startAngle>
<angleSpan>360.0</angleSpan>
<numbers>SLAVEK</numbers>
<rotationStyle>NONE</rotationStyle>
<textSlant>0.0</textSlant>
<perspectiveAngle>-29.28</perspectiveAngle>
<locationRelativeToRadius>DEFAULT</locationRelativeToRadius>
</PerspectiveTextLayer>
<HandLayer>
<type>HandLayer</type>
<name></name>
<center>200.0; 200.0</center>
<middle>400.0; 400.0</middle>
<effects>
<SimpleEmbossEffect>
<enabled>yes</enabled>
<distance>2.0</distance>
<angle>0.0</angle>
<strength>1.0</strength>
</SimpleEmbossEffect>
</effects>
<autoRotation>HOUR</autoRotation>
<autoRotationDirection>CLOCKWISE</autoRotationDirection>
<autoRotationMultiplier>1</autoRotationMultiplier>
<autoRotationMovement>SMOOTH</autoRotationMovement>
<opacity>1.0</opacity>
<enabled>yes</enabled>
<fillStyle>
<paintStyle>RADIAL_GRADIENT</paintStyle>
<colorPoints>
<point>
<position>0.33082706</position>
<color>#ffcccccc</color>
</point>
<point>
<position>1.0</position>
<color>#ff000000</color>
</point>
</colorPoints>
<angle>0.0</angle>
<offsetX>0.0</offsetX>
<offsetY>0.0</offsetY>
<textureScale>1.0</textureScale>
</fillStyle>
<strokeStyle>
<paintStyle>SOLID</paintStyle>
<colorPoints>
<point>
<position>0.0</position>
<color>#ff999900</color>
</point>
<point>
<position>1.0</position>
<color>#ff000000</color>
</point>
</colorPoints>
<angle>0.0</angle>
<offsetX>0.0</offsetX>
<offsetY>0.0</offsetY>
<textureScale>1.0</textureScale>
</strokeStyle>
<thickness>5.6</thickness>
<startAngle>0.0</startAngle>
<sections>
<section>
<top>4.7; 133.5</top>
<bottom>10.0; 0.0</bottom>
<controlPoint>12.1; -121.9</controlPoint>
</section>
</sections>
</HandLayer>
<HandLayer>
<type>HandLayer</type>
<name></name>
<center>200.0; 200.0</center>
<middle>400.0; 400.0</middle>
<effects>
<SimpleEmbossEffect>
<enabled>yes</enabled>
<distance>2.0</distance>
<angle>0.0</angle>
<strength>1.0</strength>
</SimpleEmbossEffect>
</effects>
<autoRotation>MINUTE</autoRotation>
<autoRotationDirection>CLOCKWISE</autoRotationDirection>
<autoRotationMultiplier>1</autoRotationMultiplier>
<autoRotationMovement>SMOOTH</autoRotationMovement>
<opacity>1.0</opacity>
<enabled>yes</enabled>
<fillStyle>
<paintStyle>RADIAL_GRADIENT</paintStyle>
<colorPoints>
<point>
<position>0.33082706</position>
<color>#ffcccccc</color>
</point>
<point>
<position>1.0</position>
<color>#ff000000</color>
</point>
</colorPoints>
<angle>0.0</angle>
<offsetX>0.0</offsetX>
<offsetY>0.0</offsetY>
<textureScale>1.0</textureScale>
</fillStyle>
<strokeStyle>
<paintStyle>SOLID</paintStyle>
<colorPoints>
<point>
<position>0.0</position>
<color>#ff999900</color>
</point>
<point>
<position>1.0</position>
<color>#ff000000</color>
</point>
</colorPoints>
<angle>0.0</angle>
<offsetX>0.0</offsetX>
<offsetY>0.0</offsetY>
<textureScale>1.0</textureScale>
</strokeStyle>
<thickness>5.6</thickness>
<startAngle>0.0</startAngle>
<sections>
<section>
<top>4.7; 171.4</top>
<bottom>10.0; 0.0</bottom>
<controlPoint>12.1; -153.0</controlPoint>
</section>
</sections>
</HandLayer>
<DigitalClockLayer>
<type>Digital Clock</type>
<name></name>
<center>347.0; 200.0</center>
<middle>200.0; 200.0</middle>
<effects>
<EmbossEffect>
<enabled>yes</enabled>
<embossSoftness>5.0</embossSoftness>
<embossHeight>3.0</embossHeight>
<embossElevation>59.01</embossElevation>
<embossLightAngle>45.0</embossLightAngle>
<embossBumpSource>TRANSPARENCY</embossBumpSource>
<mapOffsetX>0.0</mapOffsetX>
<mapOffsetY>0.0</mapOffsetY>
<mapScale>1.0</mapScale>
<bumpMethod>STANDARD</bumpMethod>
<maxDistance>10</maxDistance>
<blurLevel>2.0</blurLevel>
<bumpSide>INSIDE_AND_OUTSIDE</bumpSide>
<MappingFunction>
<Point>0.0; 0.0</Point>
<Point>1.0; 1.0</Point>
</MappingFunction>
<lightColor>#ffffffff</lightColor>
<secondLightEnabled>no</secondLightEnabled>
<secondLightElevation>90.0</secondLightElevation>
<secondLightAngle>45.0</secondLightAngle>
<secondLightIntensity>0.5</secondLightIntensity>
<secondLightType>AMBIENT</secondLightType>
<secondLightColor>#ffffffff</secondLightColor>
</EmbossEffect>
</effects>
<autoRotation>NONE</autoRotation>
<autoRotationDirection>CLOCKWISE</autoRotationDirection>
<autoRotationMultiplier>1</autoRotationMultiplier>
<autoRotationMovement>SMOOTH</autoRotationMovement>
<opacity>1.0</opacity>
<enabled>yes</enabled>
<font>Arial Rounded MT Bold;36;1</font>
<fillStyle>
<paintStyle>SOLID</paintStyle>
<colorPoints>
<point>
<position>0.0</position>
<color>#ffffff00</color>
</point>
<point>
<position>1.0</position>
<color>#ff000000</color>
</point>
</colorPoints>
<angle>0.0</angle>
<offsetX>0.0</offsetX>
<offsetY>0.0</offsetY>
<textureScale>1.0</textureScale>
</fillStyle>
<strokeStyle>
<paintStyle>SOLID</paintStyle>
<colorPoints>
<point>
<position>0.0</position>
<color>#ff000000</color>
</point>
<point>
<position>1.0</position>
<color>#ff000000</color>
</point>
</colorPoints>
<angle>0.0</angle>
<offsetX>0.0</offsetX>
<offsetY>0.0</offsetY>
<textureScale>1.0</textureScale>
</strokeStyle>
<strokeWidth>1.0</strokeWidth>
<characterSpacing>0.0</characterSpacing>
<clockType>DAY</clockType>
<angle>0.0</angle>
<imageScaleMethod>NO_RESCALE</imageScaleMethod>
<imageScaleWidth>70.0</imageScaleWidth>
<imageScaleHeight>100.0</imageScaleHeight>
<textAlignment>CENTER</textAlignment>
<textOffset>0.0</textOffset>
<allowEffectsToResizeDigits>no</allowEffectsToResizeDigits>
<values>
<value type="text">0</value>
<value type="text">1</value>
<value type="text">2</value>
<value type="text">3</value>
<value type="text">4</value>
<value type="text">5</value>
<value type="text">6</value>
<value type="text">7</value>
<value type="text">8</value>
<value type="text">9</value>
</values>
</DigitalClockLayer>
<RectangularLayer>
<type>Rectangle</type>
<name></name>
<center>200.0; 200.0</center>
<middle>12.0; 12.0</middle>
<effects>
<SimpleEmbossEffect>
<enabled>yes</enabled>
<distance>2.0</distance>
<angle>0.0</angle>
<strength>1.0</strength>
</SimpleEmbossEffect>
</effects>
<autoRotation>NONE</autoRotation>
<autoRotationDirection>CLOCKWISE</autoRotationDirection>
<autoRotationMultiplier>1</autoRotationMultiplier>
<autoRotationMovement>SMOOTH</autoRotationMovement>
<opacity>1.0</opacity>
<enabled>yes</enabled>
<width>15.0</width>
<height>15.0</height>
<rotation>360.0</rotation>
<cornerRadius>800.0</cornerRadius>
<fillStyle>
<paintStyle>SOLID</paintStyle>
<colorPoints>
<point>
<position>0.0</position>
<color>#ff666666</color>
</point>
<point>
<position>1.0</position>
<color>#ff000000</color>
</point>
</colorPoints>
<angle>0.0</angle>
<offsetX>0.0</offsetX>
<offsetY>0.0</offsetY>
<textureScale>1.0</textureScale>
</fillStyle>
<strokeStyle>
<paintStyle>SOLID</paintStyle>
<colorPoints>
<point>
<position>0.0</position>
<color>#ffff0000</color>
</point>
<point>
<position>1.0</position>
<color>#ff000000</color>
</point>
</colorPoints>
<angle>0.0</angle>
<offsetX>0.0</offsetX>
<offsetY>0.0</offsetY>
<textureScale>1.0</textureScale>
</strokeStyle>
<thickness>0.0</thickness>
</RectangularLayer>
<ChargingIconLayer>
<type>ChargingIconLayer</type>
<name></name>
<center>200.0; 124.0</center>
<middle>400.0; 400.0</middle>
<effects>
</effects>
<autoRotation>NONE</autoRotation>
<autoRotationDirection>CLOCKWISE</autoRotationDirection>
<autoRotationMultiplier>1</autoRotationMultiplier>
<autoRotationMovement>SMOOTH</autoRotationMovement>
<opacity>1.0</opacity>
<enabled>yes</enabled>
<color>BLACK</color>
</ChargingIconLayer>
<DigitalClockLayer>
<type>Digital Clock</type>
<name></name>
<center>291.0; 202.0</center>
<middle>200.0; 200.0</middle>
<effects>
</effects>
<autoRotation>NONE</autoRotation>
<autoRotationDirection>CLOCKWISE</autoRotationDirection>
<autoRotationMultiplier>1</autoRotationMultiplier>
<autoRotationMovement>SMOOTH</autoRotationMovement>
<opacity>1.0</opacity>
<enabled>yes</enabled>
<font>Arial;24;1</font>
<fillStyle>
<paintStyle>SOLID</paintStyle>
<colorPoints>
<point>
<position>0.0</position>
<color>#ffffff00</color>
</point>
<point>
<position>1.0</position>
<color>#ff000000</color>
</point>
</colorPoints>
<angle>0.0</angle>
<offsetX>0.0</offsetX>
<offsetY>0.0</offsetY>
<textureScale>1.0</textureScale>
</fillStyle>
<strokeStyle>
<paintStyle>SOLID</paintStyle>
<colorPoints>
<point>
<position>0.0</position>
<color>#ff000000</color>
</point>
<point>
<position>1.0</position>
<color>#ff000000</color>
</point>
</colorPoints>
<angle>0.0</angle>
<offsetX>0.0</offsetX>
<offsetY>0.0</offsetY>
<textureScale>1.0</textureScale>
</strokeStyle>
<strokeWidth>0.0</strokeWidth>
<characterSpacing>0.0</characterSpacing>
<clockType>WEEKDAY</clockType>
<angle>0.0</angle>
<imageScaleMethod>NO_RESCALE</imageScaleMethod>
<imageScaleWidth>70.0</imageScaleWidth>
<imageScaleHeight>100.0</imageScaleHeight>
<textAlignment>CENTER</textAlignment>
<textOffset>0.0</textOffset>
<allowEffectsToResizeDigits>no</allowEffectsToResizeDigits>
<values>
<value type="text">NE</value>
<value type="text">PO</value>
<value type="text">&#xda;T</value>
<value type="text">ST</value>
<value type="text">&#x10c;T</value>
<value type="text">P&#xc1;</value>
<value type="text">SO</value>
</values>
</DigitalClockLayer>
</WatchFaceDesign>
