<clockskin>
    <drawable>
        <name>image1.png</name>
    </drawable>
    <drawable>
        <name>digital1.xml</name>
        <arraytype>60</arraytype>
        <centerX>149</centerX>
        <centerY>-57</centerY>
    </drawable>
    <drawable>
        <name>digital2.xml</name>
        <arraytype>13</arraytype>
        <centerX>40</centerX>
        <centerY>-118</centerY>
    </drawable>
    <drawable>
        <name>digital3.xml</name>
        <arraytype>12</arraytype>
        <centerX>-44</centerX>
        <centerY>-118</centerY>
    </drawable>
    <drawable>
        <name>digital4.xml</name>
        <arraytype>54</arraytype>
        <centerX>-145</centerX>
        <centerY>-56</centerY>
    </drawable>
    <drawable>
        <name>digital5.xml</name>
        <arraytype>11</arraytype>
        <centerX>-7</centerX>
        <centerY>93</centerY>
    </drawable>
    <drawable>
        <name>digital6.xml</name>
        <arraytype>10</arraytype>
        <centerX>4</centerX>
        <centerY>119</centerY>
    </drawable>
    <drawable>
        <name>digital7.xml</name>
        <arraytype>14</arraytype>
        <centerX>118</centerX>
        <centerY>50</centerY>
    </drawable>
    <drawable>
        <name>digital8.xml</name>
        <arraytype>5</arraytype>
        <centerX>113</centerX>
        <centerY>11</centerY>
    </drawable>
    <drawable>
        <name>digital9.xml</name>
        <arraytype>4</arraytype>
        <centerX>113</centerX>
        <centerY>-9</centerY>
    </drawable>
    <drawable>
        <name>digital10.xml</name>
        <arraytype>6</arraytype>
        <centerX>-82</centerX>
        <centerY>3</centerY>
    </drawable>
    <drawable>
        <arraytype>100</arraytype>
        <centerX>0</centerX>
        <centerY>-84</centerY>
        <range>29</range>
        <cls>com.android.mms.ui.BootActivity</cls>
        <pkg>com.android.mms</pkg>
    </drawable>
    <drawable>
        <arraytype>100</arraytype>
        <centerX>0</centerX>
        <centerY>-152</centerY>
        <range>29</range>
        <cls>com.android.deskclock.DeskClock</cls>
        <pkg>com.android.deskclock</pkg>
    </drawable>
    <drawable>
        <arraytype>100</arraytype>
        <centerX>127</centerX>
        <centerY>-123</centerY>
        <range>29</range>
        <cls>com.android.dialer.DialtactsWearActivity</cls>
        <pkg>com.android.dialer</pkg>
    </drawable>
    <drawable>
        <arraytype>100</arraytype>
        <centerX>2</centerX>
        <centerY>154</centerY>
        <range>29</range>
        <cls>com.android.music.MusicBrowserActivity</cls>
        <pkg>com.android.music</pkg>
    </drawable>
    <drawable>
        <arraytype>100</arraytype>
        <centerX>-131</centerX>
        <centerY>125</centerY>
        <range>29</range>
        <cls>com.android.contacts.activities.PeopleActivity</cls>
        <pkg>com.android.contacts</pkg>
    </drawable>
    <drawable>
        <arraytype>100</arraytype>
        <centerX>-173</centerX>
        <centerY>51</centerY>
        <range>29</range>
        <cls>com.android.camera.CameraLauncher</cls>
        <pkg>com.mediatek.camera</pkg>
    </drawable>
    <drawable>
        <arraytype>100</arraytype>
        <centerX>-135</centerX>
        <centerY>-127</centerY>
        <range>29</range>
        <cls>com.android.settings.Settings</cls>
        <pkg>com.android.settings</pkg>
    </drawable>
    <drawable>
        <rotate>1</rotate>
        <direction>1</direction>
        <mulrotate>1</mulrotate>
        <name>image2.png</name>
    </drawable>
    <drawable>
        <rotate>2</rotate>
        <direction>1</direction>
        <mulrotate>1</mulrotate>
        <name>image3.png</name>
    </drawable>
    <drawable>
        <rotate>3</rotate>
        <direction>1</direction>
        <mulrotate>1</mulrotate>
        <name>image4.png</name>
    </drawable>
</clockskin>
<!-- Created on WatchFace Designer 0.14.2 beta -->
<!-- Exported for Android 7.1+ Stock ClockSkin Engine -->
