<?xml version="1.0" encoding="utf-8"?>
<clockskin>
	<drawable>
		<name>clock_skin_panel.png</name>
	</drawable>
	
	
			<!--<drawable>
		<name>oreOMB.png</name>
		<rotate>8</rotate>
	</drawable>-->
	
	<drawable>
		<name>ore.png</name>
		<rotate>1</rotate>
	</drawable>	
	

			<!--<drawable>
		<name>minutiOMB.png</name>
		<rotate>9</rotate>
		</drawable>-->
		
	<drawable>
		<name>minuti.png</name>
		<rotate>2</rotate>
	</drawable>
	
		<!--<drawable>
		<name>secondiOMB.png</name>
		<rotate>10</rotate>
	</drawable>-->
	
	<drawable>
		<name>secondi.png</name>
		<rotate>3</rotate>
	</drawable>	

	<drawable>
		<name>button.png</name>
	</drawable>
	
	
	
<!--COMMENTED Creato da Marco-->
</clockskin>
