<clockskin>
    <drawable>
        <name>image1.png</name>
    </drawable>
    <drawable>
        <name>digital1.xml</name>
        <arraytype>7</arraytype>
        <centerX>-200</centerX>
        <centerY>0</centerY>
    </drawable>
    <drawable>
        <name>digital2.xml</name>
        <arraytype>7</arraytype>
        <centerX>200</centerX>
        <centerY>0</centerY>
    </drawable>
    <drawable>
        <name>digital3.xml</name>
        <arraytype>8</arraytype>
        <centerX>-200</centerX>
        <centerY>0</centerY>
    </drawable>
    <drawable>
        <name>digital4.xml</name>
        <arraytype>8</arraytype>
        <centerX>200</centerX>
        <centerY>0</centerY>
    </drawable>
    <drawable>
        <name>digital5.xml</name>
        <arraytype>9</arraytype>
        <centerX>-200</centerX>
        <centerY>0</centerY>
    </drawable>
    <drawable>
        <name>digital6.xml</name>
        <arraytype>9</arraytype>
        <centerX>200</centerX>
        <centerY>0</centerY>
    </drawable>
    <drawable>
        <name>digital7.xml</name>
        <arraytype>14</arraytype>
        <centerX>-470</centerX>
        <centerY>40</centerY>
    </drawable>
    <drawable>
        <name>digital8.xml</name>
        <arraytype>14</arraytype>
        <centerX>-70</centerX>
        <centerY>40</centerY>
    </drawable>
    <drawable>
        <name>digital9.xml</name>
        <arraytype>14</arraytype>
        <centerX>330</centerX>
        <centerY>40</centerY>
    </drawable>
    <drawable>
        <name>digital10.xml</name>
        <arraytype>12</arraytype>
        <centerX>-327</centerX>
        <centerY>40</centerY>
    </drawable>
    <drawable>
        <name>digital11.xml</name>
        <arraytype>12</arraytype>
        <centerX>73</centerX>
        <centerY>40</centerY>
    </drawable>
    <drawable>
        <name>digital12.xml</name>
        <arraytype>12</arraytype>
        <centerX>473</centerX>
        <centerY>40</centerY>
    </drawable>
    <drawable>
        <name>digital13.xml</name>
        <arraytype>6</arraytype>
        <centerX>0</centerX>
        <centerY>-83</centerY>
    </drawable>
    <drawable>
        <name>digital14.xml</name>
        <arraytype>9</arraytype>
        <centerX>0</centerX>
        <centerY>-43</centerY>
    </drawable>
</clockskin>
