<?xml version="1.0" encoding="utf-8"?>
<drawables>
     <image>animation_12_0.png</image>
     <image>animation_13_1.png</image>
     <image>animation_13_2.png</image>
     <image>animation_13_3.png</image>
     <image>animation_13_4.png</image>
     <image>animation_13_5.png</image>
     <image>animation_13_6.png</image>
     <image>animation_13_7.png</image>
     <image>animation_13_8.png</image>
     <image>animation_13_9.png</image>
     <image>animation_13_10.png</image>
     <image>animation_13_11.png</image>
     <image>animation_13_12.png</image>
     <image>animation_13_13.png</image>
     <image>animation_13_14.png</image>
     <image>animation_13_15.png</image>
     <image>animation_13_16.png</image>
     <image>animation_13_17.png</image>
     <image>animation_13_18.png</image>
     <image>animation_13_19.png</image>
     <image>animation_13_20.png</image>
     <image>animation_13_21.png</image>
     <image>animation_13_22.png</image>
</drawables>
