<?xml version="1.0" encoding="utf-8"?>
<drawables>
     <image>animation_12_0.png</image>
     <image>animation_17_1.png</image>
     <image>animation_17_2.png</image>
     <image>animation_17_3.png</image>
     <image>animation_17_4.png</image>
     <image>animation_17_5.png</image>
     <image>animation_17_6.png</image>
     <image>animation_17_7.png</image>
     <image>animation_17_8.png</image>
     <image>animation_17_9.png</image>
     <image>animation_17_10.png</image>
     <image>animation_17_11.png</image>
     <image>animation_17_12.png</image>
     <image>animation_17_13.png</image>
     <image>animation_17_14.png</image>
     <image>animation_17_15.png</image>
     <image>animation_17_16.png</image>
     <image>animation_17_17.png</image>
     <image>animation_17_18.png</image>
     <image>animation_17_19.png</image>
     <image>animation_17_20.png</image>
     <image>animation_17_21.png</image>
     <image>animation_17_22.png</image>
     <image>animation_17_23.png</image>
     <image>animation_17_24.png</image>
     <image>animation_17_25.png</image>
     <image>animation_17_26.png</image>
     <image>animation_17_27.png</image>
     <image>animation_17_28.png</image>
     <image>animation_17_29.png</image>
     <image>animation_17_30.png</image>
</drawables>
