<?xml version="1.0" encoding="utf-8"?>
<drawables>
     <image>animation_1_0.png</image>
     <image>animation_5_1.png</image>
     <image>animation_5_2.png</image>
     <image>animation_5_3.png</image>
     <image>animation_5_4.png</image>
     <image>animation_5_5.png</image>
     <image>animation_5_6.png</image>
     <image>animation_5_7.png</image>
     <image>animation_5_8.png</image>
     <image>animation_5_9.png</image>
     <image>animation_5_10.png</image>
     <image>animation_5_11.png</image>
     <image>animation_5_12.png</image>
     <image>animation_5_13.png</image>
     <image>animation_5_14.png</image>
     <image>animation_5_15.png</image>
     <image>animation_5_16.png</image>
     <image>animation_5_17.png</image>
     <image>animation_5_18.png</image>
     <image>animation_5_19.png</image>
     <image>animation_5_20.png</image>
     <image>animation_5_21.png</image>
     <image>animation_5_22.png</image>
     <image>animation_5_23.png</image>
     <image>animation_5_24.png</image>
     <image>animation_5_25.png</image>
</drawables>
