<?xml version="1.0" encoding="utf-8"?>
<drawables>
     <image>animation_12_0.png</image>
     <image>animation_20_1.png</image>
     <image>animation_20_2.png</image>
     <image>animation_20_3.png</image>
     <image>animation_20_4.png</image>
     <image>animation_20_5.png</image>
     <image>animation_20_6.png</image>
     <image>animation_20_7.png</image>
     <image>animation_20_8.png</image>
     <image>animation_20_9.png</image>
     <image>animation_20_10.png</image>
     <image>animation_20_11.png</image>
     <image>animation_20_12.png</image>
     <image>animation_20_13.png</image>
     <image>animation_20_14.png</image>
     <image>animation_20_15.png</image>
     <image>animation_20_16.png</image>
     <image>animation_20_17.png</image>
     <image>animation_20_18.png</image>
     <image>animation_20_19.png</image>
     <image>animation_20_20.png</image>
     <image>animation_20_21.png</image>
     <image>animation_20_22.png</image>
     <image>animation_20_23.png</image>
     <image>animation_20_24.png</image>
     <image>animation_20_25.png</image>
     <image>animation_20_26.png</image>
     <image>animation_20_27.png</image>
     <image>animation_20_28.png</image>
     <image>animation_20_29.png</image>
     <image>animation_20_30.png</image>
     <image>animation_20_31.png</image>
     <image>animation_20_32.png</image>
</drawables>
