<?xml version="1.0" encoding="utf-8"?>
<drawables>
     <image>animation_12_0.png</image>
     <image>animation_12_1.png</image>
     <image>animation_12_2.png</image>
     <image>animation_12_3.png</image>
     <image>animation_12_4.png</image>
     <image>animation_12_5.png</image>
     <image>animation_12_6.png</image>
     <image>animation_12_7.png</image>
     <image>animation_12_8.png</image>
     <image>animation_12_9.png</image>
     <image>animation_12_10.png</image>
     <image>animation_12_11.png</image>
     <image>animation_12_12.png</image>
     <image>animation_12_13.png</image>
     <image>animation_12_14.png</image>
     <image>animation_12_15.png</image>
     <image>animation_12_16.png</image>
     <image>animation_12_17.png</image>
     <image>animation_12_18.png</image>
     <image>animation_12_19.png</image>
     <image>animation_12_20.png</image>
     <image>animation_12_21.png</image>
     <image>animation_12_22.png</image>
     <image>animation_12_23.png</image>
     <image>animation_12_24.png</image>
     <image>animation_12_25.png</image>
     <image>animation_12_26.png</image>
     <image>animation_12_27.png</image>
</drawables>
