<?xml version="1.0" encoding="utf-8"?>
<drawables>
     <image>animation_12_0.png</image>
     <image>animation_18_1.png</image>
     <image>animation_18_2.png</image>
     <image>animation_18_3.png</image>
     <image>animation_18_4.png</image>
     <image>animation_18_5.png</image>
     <image>animation_18_6.png</image>
     <image>animation_18_7.png</image>
     <image>animation_18_8.png</image>
     <image>animation_18_9.png</image>
     <image>animation_18_10.png</image>
     <image>animation_18_11.png</image>
     <image>animation_18_12.png</image>
     <image>animation_18_13.png</image>
     <image>animation_18_14.png</image>
     <image>animation_18_15.png</image>
     <image>animation_18_16.png</image>
     <image>animation_18_17.png</image>
     <image>animation_18_18.png</image>
     <image>animation_18_19.png</image>
     <image>animation_18_20.png</image>
     <image>animation_18_21.png</image>
     <image>animation_18_22.png</image>
     <image>animation_18_23.png</image>
     <image>animation_18_24.png</image>
     <image>animation_18_25.png</image>
     <image>animation_18_26.png</image>
     <image>animation_18_27.png</image>
</drawables>
