<?xml version="1.0" encoding="utf-8"?>
<drawables>
     <image>animation_12_0.png</image>
     <image>animation_16_1.png</image>
     <image>animation_16_2.png</image>
     <image>animation_16_3.png</image>
     <image>animation_16_4.png</image>
     <image>animation_16_5.png</image>
     <image>animation_16_6.png</image>
     <image>animation_16_7.png</image>
     <image>animation_16_8.png</image>
     <image>animation_16_9.png</image>
     <image>animation_16_10.png</image>
     <image>animation_16_11.png</image>
     <image>animation_16_12.png</image>
     <image>animation_16_13.png</image>
     <image>animation_16_14.png</image>
     <image>animation_16_15.png</image>
     <image>animation_16_16.png</image>
     <image>animation_16_17.png</image>
     <image>animation_16_18.png</image>
     <image>animation_16_19.png</image>
     <image>animation_16_20.png</image>
     <image>animation_16_21.png</image>
     <image>animation_16_22.png</image>
     <image>animation_16_23.png</image>
     <image>animation_16_24.png</image>
     <image>animation_16_25.png</image>
</drawables>
