<clockskin>
    <drawable>
        <name>image1.png</name>
    </drawable>
    <drawable>
        <name>digital1.xml</name>
        <arraytype>7</arraytype>
        <centerX>-140</centerX>
        <centerY>10</centerY>
    </drawable>
    <drawable>
        <name>digital2.xml</name>
        <arraytype>8</arraytype>
        <centerX>-7</centerX>
        <centerY>10</centerY>
    </drawable>
    <drawable>
        <name>digital3.xml</name>
        <arraytype>9</arraytype>
        <centerX>115</centerX>
        <centerY>10</centerY>
    </drawable>
    <drawable>
        <name>digital4.xml</name>
        <arraytype>12</arraytype>
        <centerX>59</centerX>
        <centerY>-125</centerY>
    </drawable>
    <drawable>
        <name>digital5.xml</name>
        <arraytype>13</arraytype>
        <centerX>-46</centerX>
        <centerY>-149</centerY>
    </drawable>
    <drawable>
        <name>digital6.xml</name>
        <arraytype>14</arraytype>
        <centerX>-133</centerX>
        <centerY>-110</centerY>
    </drawable>
    <drawable>
        <name>digital7.xml</name>
        <arraytype>11</arraytype>
        <centerX>-70</centerX>
        <centerY>143</centerY>
    </drawable>
    <drawable>
        <name>digital8.xml</name>
        <arraytype>4</arraytype>
        <centerX>-145</centerX>
        <centerY>-36</centerY>
    </drawable>
    <drawable>
        <name>digital9.xml</name>
        <arraytype>5</arraytype>
        <centerX>6</centerX>
        <centerY>-37</centerY>
    </drawable>
    <drawable>
        <name>digital10.xml</name>
        <arraytype>3</arraytype>
        <centerX>-76</centerX>
        <centerY>-37</centerY>
    </drawable>
    <drawable>
        <name>digital11.xml</name>
        <arraytype>10</arraytype>
        <centerX>-64</centerX>
        <centerY>115</centerY>
    </drawable>
    <drawable>
        <name>image2.png</name>
    </drawable>
    <drawable>
        <name>digital12.xml</name>
        <arraytype>12</arraytype>
        <centerX>-740</centerX>
        <centerY>-123</centerY>
    </drawable>
    <drawable>
        <name>digital13.xml</name>
        <arraytype>12</arraytype>
        <centerX>-340</centerX>
        <centerY>-123</centerY>
    </drawable>
    <drawable>
        <name>digital14.xml</name>
        <arraytype>9</arraytype>
        <centerX>154</centerX>
        <centerY>-148</centerY>
    </drawable>
    <drawable>
        <name>digital15.xml</name>
        <arraytype>14</arraytype>
        <centerX>-99</centerX>
        <centerY>-80</centerY>
    </drawable>
    <drawable>
        <name>digital16.xml</name>
        <arraytype>14</arraytype>
        <centerX>301</centerX>
        <centerY>-80</centerY>
    </drawable>
    <drawable>
        <name>digital17.xml</name>
        <arraytype>14</arraytype>
        <centerX>701</centerX>
        <centerY>-80</centerY>
    </drawable>
    <drawable>
        <name>digital18.xml</name>
        <arraytype>9</arraytype>
        <centerX>-138</centerX>
        <centerY>122</centerY>
    </drawable>
    <drawable>
        <name>digital19.xml</name>
        <arraytype>9</arraytype>
        <centerX>262</centerX>
        <centerY>122</centerY>
    </drawable>
    <drawable>
        <name>image3.png</name>
    </drawable>
    <drawable>
        <arraytype>100</arraytype>
        <centerX>124</centerX>
        <centerY>-37</centerY>
        <range>40</range>
        <cls>com.android.mms.ui.BootActivity</cls>
        <pkg>com.android.mms</pkg>
    </drawable>
</clockskin>
<!-- Created on WatchFace Designer 0.14.2 beta -->
<!-- Exported for Android 7.1+ Stock ClockSkin Engine -->
