<?xml version="1.0" encoding="utf-8"?>
<clockskin>
	<drawable>
		<name>image1.png</name>
	</drawable>
	<drawable>
		<name>image2-sh_1.png</name>
		<rotate>6</rotate>
		<centerX>3</centerX>
		<centerY>88</centerY>
		<mulrotate>2</mulrotate>
	</drawable>
	<drawable>
		<name>image2.png</name>
		<rotate>6</rotate>
		<centerY>85</centerY>
		<mulrotate>2</mulrotate>
	</drawable>
	<drawable>
		<name>image2-sh_2.png</name>
		<rotate>7</rotate>
		<centerX>78</centerX>
		<centerY>3</centerY>
	</drawable>
	<drawable>
		<name>image3.png</name>
		<rotate>7</rotate>
		<centerX>75</centerX>
		<mulrotate>1</mulrotate>
	</drawable>
	<drawable>
		<name>image2-sh.png</name>
		<rotate>2</rotate>
		<centerX>-72</centerX>
		<centerY>3</centerY>
		<mulrotate>2</mulrotate>
	</drawable>
	<drawable>
		<name>image4.png</name>
		<rotate>2</rotate>
		<centerX>-75</centerX>
		<mulrotate>2</mulrotate>
	</drawable>
	<drawable>
		<name>image5.png</name>
	</drawable>
	<drawable>
		<name>digital1_1.xml</name>
		<arraytype>4</arraytype>
		<centerX>-108</centerX>
		<centerY>91</centerY>
	</drawable>
	<drawable>
		<name>digital1.xml</name>
		<arraytype>4</arraytype>
		<centerX>281</centerX>
		<centerY>82</centerY>
	</drawable>
	<drawable>
		<name>image6.png</name>
	</drawable>
	<drawable>
		<name>image7-sh.png</name>
		<rotate>1</rotate>
		<centerX>3</centerX>
		<centerY>3</centerY>
	</drawable>
	<drawable>
		<name>image7.png</name>
		<rotate>1</rotate>
		<mulrotate>1</mulrotate>
	</drawable>
	<drawable>
		<name>image8-sh.png</name>
		<rotate>2</rotate>
		<centerX>4</centerX>
		<centerY>4</centerY>
	</drawable>
	<drawable>
		<name>image9-sh.png</name>
		<rotate>3</rotate>
		<centerX>5</centerX>
		<centerY>5</centerY>
	</drawable>
	<drawable>
		<name>image8.png</name>
		<rotate>2</rotate>
		<mulrotate>1</mulrotate>
	</drawable>
	<drawable>
		<name>image9.png</name>
		<rotate>3</rotate>
		<mulrotate>1</mulrotate>
	</drawable>
	<drawable>
		<name>image10.png</name>
	</drawable>
<!--COMMENTED BY ClockSkinMaker
<metadata gui='rra' version='2.0.0.2'/>
-->
</clockskin>