<?xml version="1.0" encoding="utf-8"?>
<drawables>
     <image>animation_18_0.png</image>
     <image>animation_18_1.png</image>
     <image>animation_18_2.png</image>
     <image>animation_18_3.png</image>
     <image>animation_18_4.png</image>
     <image>animation_18_5.png</image>
     <image>animation_18_6.png</image>
     <image>animation_18_7.png</image>
     <image>animation_18_8.png</image>
     <image>animation_18_9.png</image>
     <image>animation_18_10.png</image>
     <image>animation_18_11.png</image>
</drawables>
