<?xml version="1.0" encoding="utf-8"?>
<drawables>
     <image>animation_15_0.png</image>
     <image>animation_15_1.png</image>
     <image>animation_15_2.png</image>
     <image>animation_15_3.png</image>
     <image>animation_15_4.png</image>
     <image>animation_15_5.png</image>
     <image>animation_15_6.png</image>
     <image>animation_15_7.png</image>
     <image>animation_15_8.png</image>
     <image>animation_15_9.png</image>
     <image>animation_15_10.png</image>
     <image>animation_15_11.png</image>
</drawables>
