<?xml version="1.0" encoding="utf-8"?>
<drawables>
     <image>animation_20_0.png</image>
     <image>animation_20_1.png</image>
     <image>animation_20_2.png</image>
     <image>animation_20_3.png</image>
     <image>animation_20_4.png</image>
     <image>animation_20_5.png</image>
     <image>animation_20_6.png</image>
     <image>animation_20_7.png</image>
     <image>animation_20_8.png</image>
     <image>animation_20_9.png</image>
     <image>animation_20_10.png</image>
     <image>animation_20_11.png</image>
</drawables>
