<?xml version="1.0" encoding="utf-8"?>
<drawables>
     <image>animation_22_0.png</image>
     <image>animation_22_1.png</image>
     <image>animation_22_2.png</image>
     <image>animation_22_3.png</image>
     <image>animation_22_4.png</image>
     <image>animation_22_5.png</image>
     <image>animation_22_6.png</image>
     <image>animation_22_7.png</image>
     <image>animation_22_8.png</image>
     <image>animation_22_9.png</image>
     <image>animation_22_10.png</image>
     <image>animation_22_11.png</image>
     <image>animation_21_12.png</image>
</drawables>
