<?xml version="1.0" encoding="utf-8"?>
<drawables>
     <image>animation_21_0.png</image>
     <image>animation_21_1.png</image>
     <image>animation_21_2.png</image>
     <image>animation_21_3.png</image>
     <image>animation_21_4.png</image>
     <image>animation_21_5.png</image>
     <image>animation_21_6.png</image>
     <image>animation_21_7.png</image>
     <image>animation_21_8.png</image>
     <image>animation_21_9.png</image>
     <image>animation_21_10.png</image>
     <image>animation_21_11.png</image>
     <image>animation_21_12.png</image>
</drawables>
