<?xml version="1.0" encoding="utf-8"?>
<drawables>
     <image>animation_12_0.png</image>
     <image>animation_12_1.png</image>
     <image>animation_12_2.png</image>
     <image>animation_12_3.png</image>
     <image>animation_12_4.png</image>
     <image>animation_12_5.png</image>
     <image>animation_12_6.png</image>
     <image>animation_12_7.png</image>
     <image>animation_12_8.png</image>
     <image>animation_12_9.png</image>
     <image>animation_12_10.png</image>
     <image>animation_12_11.png</image>
</drawables>
