<?xml version="1.0" encoding="utf-8"?>
<drawables>
     <image>animation_9_0.png</image>
     <image>animation_9_1.png</image>
     <image>animation_9_2.png</image>
     <image>animation_9_3.png</image>
     <image>animation_9_4.png</image>
     <image>animation_9_5.png</image>
     <image>animation_9_6.png</image>
     <image>animation_9_7.png</image>
     <image>animation_9_8.png</image>
     <image>animation_9_9.png</image>
     <image>animation_9_10.png</image>
     <image>animation_9_11.png</image>
</drawables>
