<?xml version="1.0" encoding="utf-8"?>
<drawables>
     <image>animation_16_0.png</image>
     <image>animation_16_1.png</image>
     <image>animation_16_2.png</image>
     <image>animation_16_3.png</image>
     <image>animation_16_4.png</image>
     <image>animation_16_5.png</image>
     <image>animation_16_6.png</image>
     <image>animation_16_7.png</image>
     <image>animation_16_8.png</image>
     <image>animation_16_9.png</image>
     <image>animation_16_10.png</image>
     <image>animation_16_11.png</image>
</drawables>
