<?xml version="1.0" encoding="utf-8"?>
<drawables>
     <image>animation_7_0.png</image>
     <image>animation_7_1.png</image>
     <image>animation_7_2.png</image>
     <image>animation_7_3.png</image>
     <image>animation_7_4.png</image>
     <image>animation_7_5.png</image>
     <image>animation_7_6.png</image>
     <image>animation_7_7.png</image>
     <image>animation_7_8.png</image>
     <image>animation_7_9.png</image>
     <image>animation_7_10.png</image>
     <image>animation_7_11.png</image>
</drawables>
