<?xml version="1.0" encoding="utf-8"?>
<drawables>
     <image>animation_19_0.png</image>
     <image>animation_19_1.png</image>
     <image>animation_19_2.png</image>
     <image>animation_19_3.png</image>
     <image>animation_19_4.png</image>
     <image>animation_19_5.png</image>
     <image>animation_19_6.png</image>
     <image>animation_19_7.png</image>
     <image>animation_19_8.png</image>
     <image>animation_19_9.png</image>
     <image>animation_19_10.png</image>
     <image>animation_19_11.png</image>
</drawables>
