<?xml version="1.0" encoding="utf-8"?>
<drawables>
     <image>animation_23_0.png</image>
     <image>animation_23_1.png</image>
     <image>animation_23_2.png</image>
     <image>animation_23_3.png</image>
     <image>animation_23_4.png</image>
     <image>animation_23_5.png</image>
     <image>animation_23_6.png</image>
     <image>animation_23_7.png</image>
     <image>animation_23_8.png</image>
     <image>animation_23_9.png</image>
     <image>animation_22_10.png</image>
     <image>animation_22_11.png</image>
     <image>animation_21_12.png</image>
</drawables>
