<?xml version="1.0" encoding="utf-8"?>
<drawables>
     <image>animation_5_0.png</image>
     <image>animation_5_1.png</image>
     <image>animation_5_2.png</image>
     <image>animation_5_3.png</image>
     <image>animation_5_4.png</image>
     <image>animation_5_5.png</image>
     <image>animation_5_6.png</image>
     <image>animation_5_7.png</image>
     <image>animation_5_8.png</image>
     <image>animation_5_9.png</image>
     <image>animation_5_10.png</image>
     <image>animation_5_11.png</image>
</drawables>
