<clockskin>
    <drawable>
        <name>image1.png</name>
    </drawable>
    <drawable>
        <rotate>3</rotate>
        <direction>2</direction>
        <mulrotate>20</mulrotate>
        <name>image2.png</name>
    </drawable>
    <drawable>
        <name>digital1.xml</name>
        <arraytype>9</arraytype>
        <framerate>20.00000000000000</framerate>
        <centerX>0</centerX>
        <centerY>89</centerY>
    </drawable>
    <drawable>
        <name>digital2.xml</name>
        <arraytype>6</arraytype>
        <framerate>20.00000000000000</framerate>
        <centerX>0</centerX>
        <centerY>-2</centerY>
    </drawable>
    <drawable>
        <name repeat="60000">animated_image_21.xml</name>
        <framerate>20.00000000000000</framerate>
        <centerX>-32</centerX>
        <centerY>89</centerY>
    </drawable>
    <drawable>
        <name repeat="3600000">animated_image_22.xml</name>
        <framerate>20.00000000000000</framerate>
        <centerX>50</centerX>
        <centerY>-1</centerY>
    </drawable>
    <drawable>
        <name repeat="86400000">animated_image_23.xml</name>
        <framerate>20.00000000000000</framerate>
        <centerX>-133</centerX>
        <centerY>-2</centerY>
    </drawable>
    <drawable>
        <rotate>3</rotate>
        <mulrotate>2</mulrotate>
        <name>image3.png</name>
    </drawable>
    <drawable>
        <name>digital3.xml</name>
        <arraytype>14</arraytype>
        <centerX>-400</centerX>
        <centerY>0</centerY>
    </drawable>
    <drawable>
        <name>digital4.xml</name>
        <arraytype>14</arraytype>
    </drawable>
    <drawable>
        <name>digital5.xml</name>
        <arraytype>14</arraytype>
        <centerX>400</centerX>
        <centerY>0</centerY>
    </drawable>
    <drawable>
        <name>image4.png</name>
    </drawable>
</clockskin>
