<?xml version="1.0" encoding="utf-8"?>
<drawables>
	<image>mies_jan.png</image>
	<image>mies_feb.png</image>
	<image>mies_mar.png</image>
	<image>mies_apr.png</image>
	<image>mies_may.png</image>
	<image>mies_jun.png</image>
	<image>mies_jul.png</image>
	<image>mies_aug.png</image>
	<image>mies_sep.png</image>
	<image>mies_oct.png</image>
	<image>mies_nov.png</image>
	<image>mies_dec.png</image>
<!--COMMENTED BY ClockSkinMaker
<metadata gui='rra' version='1.6.0.0' type='array_month' forecolor='FFFFFF' autoscale='0' font='Steelfish Rg' fontstyle='Bold' fontsize='24'>
<content>01</content>
<content>02</content>
<content>03</content>
<content>04</content>
<content>05</content>
<content>06</content>
<content>07</content>
<content>08</content>
<content>09</content>
<content>10</content>
<content>11</content>
<content>12</content>
</metadata>
-->
</drawables>