<?xml version="1.0" encoding="utf-8"?>
<drawables>
	<image>tydzien_sun.png</image>
	<image>tydzien_mon.png</image>
	<image>tydzien_tue.png</image>
	<image>tydzien_wed.png</image>
	<image>tydzien_thu.png</image>
	<image>tydzien_fri.png</image>
	<image>tydzien_sat.png</image>
<!--COMMENTED BY ClockSkinMaker
<metadata gui='rra' version='1.6.0.0' type='array_weekday' forecolor='FFFFFF' autoscale='0' font='Steelfish Rg' fontstyle='Bold' fontsize='26,25'>
<content>SUN</content>
<content>MON</content>
<content>TUE</content>
<content>WED</content>
<content>THU</content>
<content>FRI</content>
<content>SAT</content>
</metadata>
-->
</drawables>